ID,income,debt 1,debt 2,credit,age,edu,exp,red,loyalty
1,176,9.3,5.008608,11.359392,81,3,17,12,1
2,31,17.3,4.000798,1.362202,27,1,10,6,0
3,,5.5,2.168925,0.856075,40,1,15,7,0
4,120,2.9,,2.65872,41,,15,14,0
5,28,17.3,3.056564,1.787436,24,2,2,0,1
6,25,10.2,2.1573,0.3927,41,2,5,5,0
7,,30.6,16.668126,3.833874,39,1,20,9,0
8,38,3.6,1.239408,0.128592,,1,12,11,0
9,19,24.4,3.277652,1.358348,24,1,3,4,1
10,25,19.7,2.1473,2.7777,36,1,0,13,0
11,16,1.7,0.089488,0.182512,70,1,0,1,0
12,23,5.2,,0.252356,25,1,4,0,0
13,64,10,2.4704,3.9296,52,1,24,14,0
14,29,16.3,3.011099,1.715901,37,1,6,9,0
15,100,9.1,5.3963,3.7037,48,1,22,15,0
16,49,8.6,3.396484,0.817516,36,2,9,6,1
17,41,16.4,3.805784,2.918216,36,2,13,6,1
18,72,7.6,4.290048,1.181952,43,1,23,19,0
19,61,5.7,2.913726,0.563274,39,1,6,9,0
20,26,1.7,0.342992,0.099008,,,0,21,0
21,52,3.2,0.509184,1.154816,39,1,22,3,0
22,43,5.6,1.820448,0.587552,47,1,17,21,0
23,26,10,2.1684,0.4316,28,1,3,6,0
24,27,9.8,2.243808,0.402192,29,1,8,6,0
25,16,18,2.63808,0.24192,21,,1,2,1
26,,17.6,3.49184,2.14016,25,4,0,2,0
27,69,6.7,,0.707319,45,2,9,26,0
28,64,16.7,,0.951232,43,1,25,21,0
29,58,18.4,7.587792,3.084208,33,2,12,8,0
30,37,14.2,5.049094,0.204906,26,3,2,1,0
31,20,2.1,0.315,0.105,45,1,3,15,0
32,22,10.5,1.17117,1.13883,30,1,1,10,0
33,26,6,0.83772,0.72228,27,,2,7,0
34,27,14.4,2.869344,1.018656,25,1,8,4,0
35,35,2.9,0.93786,0.07714,25,1,8,1,0
36,45,26,5.6511,6.0489,26,2,6,7,0
37,22,16.1,2.132284,1.409716,30,2,10,4,0
38,,14.4,4.580064,3.195936,32,2,12,1,0
39,24,17.1,2.766096,1.337904,28,,1,8,1
40,50,4.2,1.5414,0.5586,45,1,23,5,0
41,31,6.6,1.70841,0.33759,23,1,7,2,0
42,59,8,2.91224,1.80776,34,1,17,3,0
43,41,4.6,0.944886,0.941114,42,2,7,23,0
44,48,13.1,4.357584,1.930416,39,1,19,5,0
45,14,7.5,0.7476,0.3024,26,1,0,0,1
46,16,6.8,,0.150144,21,2,0,1,0
47,35,4.5,,0.43155,35,1,13,15,0
48,26,10.4,,0.12168,47,1,4,2,0
49,21,11.4,1.618344,0.775656,23,2,0,2,1
50,42,7.4,2.902872,0.205128,35,1,18,2,0
51,25,12.6,2.5767,0.5733,34,1,2,11,1
52,20,14,1.9908,0.8092,46,1,1,12,0
53,52,12.9,3.675984,3.032016,46,1,16,18,1
54,25,3.7,0.613275,0.311725,38,,3,18,0
55,28,9.5,2.10672,0.55328,40,2,3,2,0
56,24,15.1,1.822872,1.801128,37,1,1,3,1
57,34,5,1.3022,0.3978,35,1,9,1,0
58,69,2.4,0.594504,1.061496,,2,16,13,0
59,100,2.5,1.015,1.485,40,3,18,6,0
60,80,12.2,7.28096,2.47904,50,3,10,20,0
61,28,2.4,0.624288,0.047712,31,1,9,10,0
62,42,7.4,1.650348,1.457652,29,1,13,1,1
63,23,12.4,1.98214,0.86986,37,1,4,0,0
64,55,7,1.69015,2.15985,33,2,4,9,0
65,28,7.8,1.159704,1.024296,,2,5,7,0
66,,23.3,9.7161,7.7589,32,2,11,6,1
67,23,6.4,1.285056,0.186944,28,2,2,3,1
68,46,9.1,1.670214,2.515786,39,1,19,8,0
69,31,8.2,1.049846,1.492154,28,2,8,3,1
70,20,18.6,3.15084,0.56916,29,1,1,2,1
71,21,23.1,,1.401939,34,2,3,8,0
72,34,23.8,,3.099236,28,2,5,9,0
73,100,12.8,,4.5824,47,1,26,21,0
74,,10.6,1.237444,1.518556,43,3,1,5,0
75,44,1.7,0.67694,0.07106,41,1,13,10,0
76,51,23.8,8.399496,3.738504,47,1,13,25,0
77,21,0.6,0.100926,0.025074,24,1,2,1,0
78,17,6.7,0.981818,0.157182,29,1,1,9,0
79,37,2.6,0.762866,0.199134,33,1,14,2,0
80,39,3.2,0.5616,0.6864,36,1,15,10,0
81,27,10.5,0.36288,2.47212,26,1,4,3,1
82,45,17,4.9113,2.7387,31,1,11,12,0
83,32,19.6,3.57504,2.69696,37,1,7,3,0
84,29,11,1.34618,1.84382,35,4,4,16,0
85,20,5.4,0.7614,0.3186,26,1,4,3,0
86,45,18.8,6.44652,2.01348,40,1,10,15,0
87,36,12.4,0.973152,3.490848,29,2,5,4,1
88,29,24.6,5.728602,1.405398,37,3,5,17,0
89,28,2.9,0.695884,0.116116,32,1,12,12,0
90,17,27.7,2.665294,2.043706,23,2,0,1,1
91,23,6.2,1.373238,0.052762,32,1,3,10,0
92,15,11.4,1.33893,0.37107,25,1,1,6,1
93,54,10.6,4.224312,1.499688,38,1,5,5,0
94,18,5.8,0.747504,0.296496,32,2,0,6,1
95,15,26.3,,1.960665,41,3,2,0,1
96,,4.4,1.648944,0.727056,36,1,17,6,0
97,82,3.3,1.390884,1.315116,42,,13,0,0
98,52,7.3,2.869776,0.926224,41,1,14,8,0
99,19,6.3,0.515907,0.681093,29,2,4,9,0
100,31,9.3,1.551054,1.331946,38,3,4,6,1
101,113,2.6,1.950832,0.987168,39,1,22,9,0
102,26,8.3,2.127788,0.030212,36,1,6,9,0
103,27,5.8,0.789264,0.776736,33,1,8,7,0
104,121,3.1,2.385636,1.365364,42,2,21,11,0
105,75,23.6,7.8234,9.8766,41,2,22,17,0
106,28,3.6,0.47376,0.53424,40,1,8,17,0
107,50,11.2,3.584,2.016,53,1,9,18,1
108,26,13.5,2.21481,1.29519,28,1,4,7,0
109,60,7.9,3.01938,1.72062,36,2,12,13,0
110,45,10.1,3.42693,1.11807,34,2,9,13,0
111,39,4.9,1.45236,0.45864,45,3,2,5,0
112,41,8.9,3.382623,0.266377,38,1,6,0,0
113,24,7.7,1.014552,0.833448,21,3,0,2,0
114,51,21.4,8.502006,2.411994,42,,12,11,0
115,64,8.6,3.638144,1.865856,,1,16,25,0
116,33,5.2,1.163448,0.552552,25,2,4,6,0
117,65,6.2,1.92231,2.10769,34,2,9,9,0
118,73,3.4,1.449488,1.032512,40,2,15,16,0
119,27,12.8,2.36736,1.08864,31,2,0,4,1
120,20,6.7,0.86832,0.47168,25,1,1,0,1
121,37,9.5,2.17227,1.34273,45,1,12,19,0
122,19,8.4,1.3167,0.2793,23,1,3,0,1
123,27,35.3,7.548552,1.982448,34,4,6,3,1
124,22,12.7,1.701546,1.092454,31,1,2,4,1
125,22,2.8,0.475552,0.140448,28,1,5,9,0
126,43,4.4,1.197636,0.694364,41,1,7,11,0
127,68,13,7.8234,1.0166,39,2,7,2,1
128,36,1.4,,0.127008,29,2,9,3,0
129,25,9,1.88325,0.36675,21,1,5,1,0
130,68,5.8,,1.506608,41,2,19,2,0
131,27,2.9,0.471366,0.311634,26,4,1,7,0
132,18,12.9,1.337472,0.984528,33,1,5,10,0
133,35,17.4,5.5419,0.5481,45,2,18,19,0
134,60,13.7,5.77044,2.44956,39,1,17,20,0
135,21,6.3,0.803061,0.519939,24,1,7,2,0
136,57,2.2,,0.452694,29,2,6,7,0
137,23,12.4,2.5668,0.2852,27,2,1,0,0
138,28,5.9,0.687232,0.964768,40,,13,2,0
139,,6.7,1.138464,0.469536,29,1,8,10,0
140,37,6.6,1.28205,1.15995,,2,4,3,1
141,16,16,1.55136,1.00864,24,1,0,2,1
142,45,17.8,5.15844,2.85156,27,1,9,6,1
143,135,4.4,4.6629,1.2771,41,3,16,22,0
144,25,9.1,2.13395,0.14105,31,1,11,8,0
145,68,5.4,3.224016,0.447984,41,1,16,17,0
146,41,3.4,1.03853,0.35547,42,2,5,3,0
147,26,12.4,2.846792,0.377208,28,4,1,3,0
148,25,10,0.73,1.77,30,4,2,8,0
149,33,8.4,2.090088,0.681912,30,1,11,1,0
150,44,8,1.79872,1.72128,31,1,8,4,0
151,51,18.1,7.680192,1.550808,45,2,15,14,0
152,76,6.1,2.484896,2.151104,43,1,13,23,1
153,23,16.3,2.421854,1.327146,36,1,4,10,0
154,30,7.2,1.54656,0.61344,28,1,8,6,0
155,33,13.2,2.7225,1.6335,27,2,3,5,0
156,39,19.2,,2.800512,36,3,13,3,0
157,32,11.3,1.511488,2.104512,33,1,12,11,0
158,28,14.8,2.585856,1.558144,54,1,9,2,1
159,,13.8,2.653326,1.348674,33,1,9,4,1
160,26,4.5,0.85995,0.31005,31,1,9,5,0
161,26,8.9,0.893204,1.420796,21,1,4,0,0
162,44,8.7,3.054744,0.773256,28,3,5,9,0
163,26,6.8,1.48512,0.28288,31,2,2,1,1
164,26,4.1,0.739804,0.326196,32,1,8,6,0
165,24,12.5,2.409,0.591,35,2,1,8,1
166,102,18.9,,6.226794,40,2,13,11,1
167,24,15.6,2.107872,1.636128,22,1,4,2,1
168,38,6.5,1.29181,1.17819,39,1,4,9,0
169,44,1.7,0.394944,0.353056,41,4,14,3,0
170,79,4,1.42516,1.73484,34,1,16,9,0
171,22,9.7,1.583428,0.550572,29,1,7,9,0
172,28,11.3,2.872912,0.291088,31,1,4,10,0
173,20,4.8,0.64512,0.31488,32,1,1,0,1
174,73,8.8,2.672384,3.751616,,1,14,7,0
175,21,7.5,1.008,0.567,33,1,6,14,0
176,22,10.3,1.545412,0.720588,26,1,6,0,0
177,18,17.3,2.955186,0.158814,21,1,1,1,0
178,34,7,2.02062,0.35938,28,2,7,2,0
179,24,8.9,1.533648,0.602352,37,1,13,5,0
180,35,22.9,5.891025,2.123975,33,2,2,14,1
181,46,5,1.7388,0.5612,39,1,12,10,0
182,57,5.6,2.3142,0.8778,40,2,8,19,0
183,80,3,1.488,0.912,45,3,16,21,0
184,34,6.5,1.35915,0.85085,27,1,10,6,0
185,29,24.2,5.593346,1.424654,28,4,0,7,0
186,27,8,1.19448,0.96552,,1,13,9,0
187,43,15,3.65715,2.79285,40,1,14,21,1
188,,16.9,4.82664,4.63736,27,1,11,8,0
189,16,9.3,1.054992,0.433008,36,1,1,4,0
190,78,15.6,7.763184,4.404816,55,1,19,2,0
191,22,13.2,1.817904,1.086096,27,2,4,3,1
192,17,11,,0.74613,30,1,1,8,0
193,28,11.2,2.32064,0.81536,36,1,10,0,1
194,21,2.5,0.2478,0.2772,31,1,1,6,1
195,40,7.2,2.69856,0.18144,33,2,13,2,0
196,33,4.2,0.885654,0.500346,30,1,4,0,0
197,18,5.9,0.82305,0.23895,24,1,1,0,1
198,28,4.3,0.827148,0.376852,33,4,9,10,0
199,47,6.9,2.844111,0.398889,,1,8,27,0
200,32,23.1,4.050816,3.341184,31,2,6,6,1
201,19,4.1,0.518035,0.260965,28,1,3,7,0
202,88,6.1,5.083496,0.284504,,3,8,10,1
203,45,9.8,3.43539,0.97461,60,4,3,23,0
204,30,9.7,2.58117,0.32883,36,2,0,17,0
205,63,5.5,2.893275,0.571725,29,3,7,1,0
206,116,6,4.39872,2.56128,40,3,17,11,0
207,26,6,1.01712,0.54288,65,1,7,6,0
208,30,1,0.1563,0.1437,26,2,6,6,0
209,81,7.2,4.047408,1.784592,36,1,14,11,0
210,35,1.9,0.579215,0.085785,26,2,6,0,0
211,116,12.1,12.42186,1.61414,40,3,16,6,0
212,48,9,2.35008,1.96992,44,1,5,3,1
213,30,4.5,1.07055,0.27945,29,3,1,10,0
214,37,5.4,1.416582,0.581418,35,3,5,3,1
215,75,10.4,,3.9546,34,,16,3,0
216,47,6.7,1.848463,1.300537,34,3,12,8,0
217,35,10.2,2.22054,1.34946,46,1,14,25,0
218,145,12.2,14.45273,3.23727,41,2,21,22,0
219,30,4,0.7524,0.4476,,2,7,8,1
220,70,8,3.9816,1.6184,27,4,0,6,1
221,24,2.4,0.468864,0.107136,28,1,11,6,0
222,19,10.8,1.202472,0.849528,48,3,0,27,0
223,113,12,10.18356,3.37644,48,3,17,26,0
224,70,19.9,10.75396,3.17604,29,3,5,6,1
225,60,20.4,8.2008,4.0392,43,2,9,5,1
226,17,7.9,1.040825,0.302175,23,1,5,2,0
227,44,18.1,4.26074,3.70326,29,2,10,8,0
228,75,1.9,0.540075,0.884925,40,4,5,6,0
229,20,5.6,0.9128,0.2072,22,2,0,3,0
230,22,14.4,,0.849024,23,1,7,3,0
231,60,15.3,7.5735,1.6065,46,3,9,10,0
232,40,8,2.6368,0.5632,55,1,3,11,1
233,38,0.6,0.198588,0.029412,38,2,8,16,0
234,33,2.8,0.820512,0.103488,35,2,5,1,0
235,27,0.9,0.169128,0.073872,30,1,11,9,0
236,18,6.5,0.6435,0.5265,24,1,7,0,0
237,28,9.5,2.4339,0.2261,,2,4,3,0
238,15,9.1,1.246245,0.118755,32,2,2,11,1
239,75,3.5,1.992375,0.632625,37,2,11,4,0
240,42,19.9,5.817168,2.540832,39,1,6,19,1
241,21,18.3,3.351096,0.491904,30,,4,4,0
242,39,9.5,,2.056275,30,1,10,11,0
243,32,4.3,0.94256,0.43344,32,2,7,10,0
244,118,14.4,7.39152,9.60048,54,3,21,20,0
245,35,13.3,3.05368,1.60132,27,3,3,4,0
246,31,23.7,,2.05716,31,1,12,4,0
247,39,1.8,0.562302,0.139698,39,1,15,16,0
248,25,14.1,2.34765,1.17735,31,1,5,3,0
249,40,18.5,6.1864,1.2136,35,1,15,11,0
250,98,13.3,8.159284,4.874716,35,2,10,16,0
251,144,11.1,12.659328,3.324672,46,2,22,17,0
252,52,21.3,8.36238,2.71362,33,1,13,3,1
253,105,1.9,,1.418445,,2,13,3,0
254,21,7.9,1.289043,0.369957,35,2,1,1,0
255,21,9,1.44018,0.44982,38,1,5,13,0
256,,7.8,5.234112,2.253888,41,1,19,1,0
257,44,4.5,1.37412,0.60588,38,1,18,19,0
258,39,13.2,4.005144,1.142856,34,3,2,14,0
259,82,4.4,1.003024,2.604976,51,3,16,25,0
260,33,9.5,2.561295,0.573705,34,2,10,2,0
261,30,24.5,,2.21235,47,1,15,1,0
262,78,5.4,2.055456,2.156544,34,2,8,6,0
263,18,11.9,1.741446,0.400554,27,2,8,7,0
264,24,19.2,3.806208,0.801792,52,1,9,11,1
265,35,5,1.51725,0.23275,39,1,9,6,0
266,22,6.4,0.777216,0.630784,33,1,7,0,0
267,21,7.2,1.324512,0.187488,34,1,0,1,0
268,59,14.6,5.504346,3.109654,31,3,9,7,1
269,16,15.2,1.561344,0.870656,28,1,2,9,0
270,45,3.7,0.74925,0.91575,39,1,19,16,0
271,120,7.6,4.97952,4.14048,51,2,22,23,0
272,16,1.2,0.10752,0.08448,22,1,4,1,0
273,26,10.4,,0.930176,27,3,6,4,0
274,38,21,7.28574,0.69426,32,1,16,10,0
275,38,7.2,1.961712,0.774288,28,2,6,7,0
276,20,10.3,1.68302,0.37698,27,2,1,0,1
277,24,13.6,1.687488,1.576512,26,2,2,6,1
278,,2.4,0.590976,0.273024,32,1,14,0,0
279,17,3.7,0.18241,0.44659,30,1,0,11,1
280,38,8.9,1.484698,1.897302,39,1,13,1,0
281,,4.8,0.998592,0.345408,31,1,11,6,1
282,39,24.7,5.259618,4.373382,34,1,15,2,1
283,41,12.6,5.031684,0.134316,31,1,8,3,0
284,25,10.4,2.0306,0.5694,29,2,1,7,0
285,25,13.9,2.4047,1.0703,29,1,9,0,0
286,30,7.6,1.6302,0.6498,35,2,9,16,0
287,32,6,0.99264,0.92736,29,1,11,7,0
288,22,22.7,3.785452,1.208548,38,2,2,16,1
289,36,3.4,1.045296,0.178704,35,1,16,15,0
290,36,6.1,1.486692,0.709308,29,1,11,5,0
291,34,4.4,1.2342,0.2618,23,2,3,4,0
292,32,5.5,1.26368,0.49632,33,,9,8,0
293,159,2.8,3.38352,1.06848,51,2,19,25,0
294,21,2.6,0.446628,0.099372,24,1,4,2,0
295,49,9.8,1.565452,3.236548,31,1,10,12,1
296,52,5.4,1.875744,0.932256,45,1,10,14,0
297,17,9,1.06029,0.46971,29,1,3,1,0
298,20,17.1,1.37142,2.04858,34,1,0,10,0
299,27,5,0.80055,0.54945,25,2,4,5,1
300,56,1.9,0.52136,0.54264,37,1,20,2,0
301,129,25.3,,20.56131,47,1,29,18,1
302,54,9.6,,0.62208,43,2,6,24,0
303,81,5.5,2.94921,1.50579,47,1,22,19,0
304,21,5.2,0.983892,0.108108,24,1,6,2,0
305,75,6.3,2.518425,2.206575,27,3,5,1,0
306,18,1.2,0.15012,0.06588,25,1,9,4,0
307,44,14.7,6.021708,0.446292,36,3,11,12,0
308,57,19.4,9.498822,1.559178,,1,16,20,0
309,25,7.1,0.4686,1.3064,26,1,10,1,0
310,25,10.1,1.4645,1.0605,41,1,4,19,0
311,60,27.1,,9.5934,39,,19,15,1
312,54,12.1,1.940598,4.593402,37,1,18,8,0
313,14,14.4,,0.586656,29,1,2,0,1
314,31,11.6,2.57114,1.02486,42,1,6,9,0
315,29,11.1,2.153511,1.065489,31,4,1,6,0
316,17,17.3,2.420443,0.520557,36,1,4,15,0
317,52,20,6.24,4.16,39,1,16,4,0
318,23,6.7,1.072536,0.468464,23,4,0,2,0
319,33,7,1.91268,0.39732,39,1,4,15,0
320,40,3.1,0.95604,0.28396,27,3,4,1,1
321,24,5,0.8184,0.3816,24,1,8,4,0
322,45,11,4.65795,0.29205,27,3,3,4,1
323,49,1.6,0.3528,0.4312,41,1,16,22,0
324,23,8.1,0.965034,0.897966,38,1,0,8,1
325,35,16.4,4.15576,1.58424,40,2,5,12,1
326,120,26.5,17.2038,14.5962,54,1,25,12,1
327,89,17.4,12.714006,2.771994,40,1,12,6,0
328,32,3.7,0.330336,0.853664,40,1,2,4,0
329,31,8,2.32376,0.15624,29,1,1,8,0
330,23,12,1.99824,0.76176,30,1,8,6,0
331,18,1.1,0.168102,0.029898,29,1,1,1,0
332,,2.4,0.9408,0.2592,29,3,3,3,1
333,41,2.5,0.5658,0.4592,28,4,2,4,1
334,38,10.4,3.315728,0.636272,28,4,0,5,0
335,89,14.3,7.725289,5.001711,39,2,16,9,0
336,53,3.3,1.659801,0.089199,32,1,11,2,0
337,43,15.4,3.9732,2.6488,36,2,7,16,0
338,39,8.2,2.424084,0.773916,39,1,20,12,0
339,47,19.8,3.731706,5.574294,28,3,6,8,1
340,28,14.2,3.53864,0.43736,28,1,4,2,1
341,31,12.2,1.79645,1.98555,46,1,6,19,0
342,15,6.5,0.624975,0.350025,30,,4,8,0
343,32,4.9,,0.421792,39,2,15,19,0
344,220,16,27.0336,8.1664,40,3,5,3,1
345,74,13.4,,4.521696,44,2,18,4,0
346,19,16.6,2.529508,0.624492,30,1,0,8,1
347,19,4.3,0.458337,0.358663,24,2,3,0,0
348,32,11.3,2.448032,1.167968,32,1,10,13,0
349,15,2.6,0.24336,0.14664,29,2,3,8,0
350,36,3.8,1.090296,0.277704,40,2,2,1,0
351,43,0.7,0.215215,0.085785,41,2,8,21,0
352,,18.6,2.35569,0.80631,22,1,1,3,0
353,34,1.2,0.371688,0.036312,,1,10,8,0
354,62,8.5,4.08425,1.18575,37,2,6,13,0
355,71,15.7,4.581417,6.565583,41,3,18,6,1
356,56,14.5,7.74648,0.37352,41,3,7,6,1
357,22,23.1,3.166086,1.915914,39,1,2,15,1
358,15,16.1,2.093805,0.321195,24,2,0,2,1
359,51,23,9.04383,2.68617,32,3,9,10,0
360,26,7.7,0.472472,1.529528,21,3,0,1,0
361,27,2.3,0.552069,0.068931,29,1,13,7,0
362,82,0.8,0.187616,0.468384,35,2,14,3,0
363,21,18.1,2.691108,1.109892,29,1,6,7,0
364,30,6.7,,0.11256,41,,2,22,0
365,18,12.9,0.738396,1.583604,37,1,0,18,1
366,47,1.9,0.46436,0.42864,32,2,3,13,0
367,20,8.1,0.891,0.729,36,5,5,12,0
368,44,2.1,0.556248,0.367752,39,2,18,9,0
369,67,11.2,2.258704,5.245296,36,1,18,9,0
370,99,2.3,1.450449,0.826551,46,3,22,4,0
371,51,9.6,3.020832,1.875168,34,1,13,11,0
372,,9.1,1.724814,0.641186,27,1,7,4,0
373,45,3.3,0.80784,0.67716,43,1,8,11,0
374,72,41.3,14.71932,15.01668,33,1,14,8,1
375,101,1.4,1.073226,0.340774,39,2,20,17,0
376,17,2.5,0.29325,0.13175,29,1,1,4,0
377,40,6.4,1.61024,0.94976,34,4,7,15,0
378,21,4.9,0.420861,0.608139,26,1,1,0,0
379,60,4.8,2.07648,0.80352,31,1,15,2,0
380,24,2.7,0.33696,0.31104,26,1,10,6,0
381,45,7.7,1.611225,1.853775,28,1,12,7,0
382,50,30.8,9.2862,6.1138,48,1,13,20,1
383,46,16,3.35616,4.00384,39,2,2,12,1
384,25,3.7,0.64935,0.27565,37,1,3,3,0
385,70,9.4,5.25084,1.32916,52,5,9,0,1
386,27,21.3,4.347756,1.403244,48,1,3,11,0
387,22,5.1,0.913308,0.208692,26,1,7,3,0
388,126,3.1,3.429468,0.476532,46,5,15,0,0
389,23,4.9,0.9016,0.2254,31,,7,10,0
390,56,6.1,2.551752,0.864248,34,1,13,8,0
391,95,3.6,2.7873,0.6327,40,1,22,4,0
392,,6.4,0.753664,0.270336,24,3,2,5,1
393,44,3.1,0.83886,0.52514,33,1,2,14,0
394,78,17.3,6.558084,6.935916,53,4,5,29,1
395,,20.1,7.912164,2.539836,47,3,9,1,1
396,32,13,3.98528,0.17472,35,1,5,5,0
397,28,17,3.62236,1.13764,34,1,14,8,0
398,,10.1,1.481064,2.457936,49,1,11,5,0
399,28,9.3,1.333248,1.270752,26,2,0,7,0
400,16,9.6,0.731136,0.804864,23,1,2,2,1
401,21,8.7,1.372077,0.454923,23,2,0,4,0
402,56,1.6,0.454272,0.441728,38,2,4,13,0
403,37,8.3,1.947014,1.123986,28,2,5,2,0
404,65,29.7,15.40539,3.89961,30,3,0,8,1
405,34,15.4,3.136364,2.099636,34,1,18,10,0
406,71,11.1,6.218109,1.662891,50,2,16,14,0
407,40,6.7,1.04788,1.63212,29,1,12,2,0
408,64,6.6,3.945216,0.278784,42,3,0,9,0
409,27,5,1.1124,0.2376,31,1,13,12,0
410,31,4.8,1.303488,0.184512,39,1,10,4,0
411,132,3,1.40184,2.55816,45,2,21,26,0
412,91,11.7,9.390654,1.256346,45,1,22,24,0
413,53,5.7,1.132875,1.888125,36,1,14,17,0
414,,12.1,1.3068,1.5972,25,4,0,6,1
415,29,21.2,3.817908,2.330092,29,2,1,7,1
416,56,6.4,3.250688,0.333312,30,2,8,4,0
417,,4.5,0.86292,0.21708,31,1,1,1,0
418,29,4.6,1.28064,0.05336,43,1,4,2,0
419,57,23.8,8.126034,5.439966,32,2,11,4,1
420,50,30.1,11.87445,3.17555,47,1,19,7,0
421,21,14.8,1.731156,1.376844,46,1,1,15,1
422,83,4.1,3.144372,0.258628,43,2,16,10,0
423,24,7,0.9156,0.7644,48,1,3,7,0
424,61,2.8,1.158024,0.549976,30,3,8,7,0
425,32,18.4,5.069568,0.818432,23,4,0,4,1
426,32,1.6,0.487424,0.024576,36,4,8,0,0
427,17,2.3,0.347208,0.043792,20,,0,1,0
428,89,0.4,0.196512,0.159488,43,1,16,7,0
429,25,4.5,1.00125,0.12375,23,1,2,1,1
430,76,20.5,8.63132,6.94868,41,1,21,2,0
431,,25.1,9.250856,7.817144,34,1,12,5,1
432,36,4.8,0.893376,0.834624,50,1,11,5,0
433,64,6.6,3.434112,0.789888,40,1,9,4,0
434,22,12.9,1.799292,1.038708,29,2,0,8,1
435,56,18.7,5.70724,4.76476,,2,9,16,0
436,42,5.7,1.5561,0.8379,24,2,1,2,0
437,16,1.1,,0.130416,27,1,0,5,0
438,157,6.6,7.035798,3.326202,40,3,18,14,0
439,45,3.7,,0.98235,32,2,8,2,0
440,53,3.7,1.266806,0.694194,39,2,16,12,0
441,100,14.6,9.198,5.402,40,1,22,1,0
442,42,9.1,2.281734,1.540266,32,1,10,11,0
443,75,18.9,11.042325,3.132675,39,1,23,1,0
444,21,28.9,3.386502,2.682498,24,1,3,3,1
445,446,6.5,12.95853,16.03147,43,4,18,14,1
446,59,15,4.1772,4.6728,56,1,11,20,0
447,23,4.5,0.708975,0.326025,32,3,5,9,0
448,,10.2,0.92055,1.62945,42,1,7,12,0
449,43,13.2,2.633664,3.042336,46,3,3,13,1
450,22,16.4,1.868944,1.739056,31,,2,2,1
451,242,2.6,4.65608,1.63592,43,1,25,16,0
452,22,11.5,1.87979,0.65021,28,2,6,9,0
453,39,12.9,2.470221,2.560779,39,3,11,17,0
454,39,7.9,2.014974,1.066026,39,1,0,8,0
455,33,16.1,2.619309,2.693691,37,4,1,14,1
456,17,12,1.73604,0.30396,30,1,0,11,0
457,177,5.9,9.555345,0.887655,37,5,9,16,0
458,14,17.5,2.2246,0.2254,22,1,4,3,0
459,26,14.3,1.866436,1.851564,50,1,1,26,0
460,19,4.4,0.499928,0.336072,30,1,10,2,0
461,21,4,0.56364,0.27636,39,1,8,0,0
462,21,12.5,2.13675,0.48825,21,2,0,2,1
463,28,2.6,0.606424,0.121576,31,3,9,2,0
464,30,5.8,1.13796,0.60204,31,2,9,1,0
465,30,22.3,4.02738,2.66262,48,1,0,23,0
466,16,23.8,2.72272,1.08528,28,1,4,1,0
467,221,17.6,,15.791776,47,3,16,26,1
468,34,4.4,1.258136,0.237864,27,2,6,1,0
469,65,18.4,,1.98536,29,2,6,10,0
470,20,4.5,0.6093,0.2907,21,2,2,0,1
471,20,19.8,2.95416,1.00584,29,3,7,5,1
472,29,6.6,1.324488,0.589512,24,4,0,3,1
473,,9.7,2.649167,0.357833,44,1,12,3,0
474,,4.4,0.521928,0.270072,22,1,1,0,0
475,59,2.4,1.008192,0.407808,38,2,13,0,0
476,76,7.7,4.85716,0.99484,52,2,12,16,0
477,18,16.3,2.58192,0.35208,25,1,3,2,1
478,22,10.9,1.995136,0.402864,25,1,5,5,0
479,166,11.5,18.26913,0.82087,51,2,27,21,0
480,58,16.5,4.98597,4.58403,38,1,21,16,0
481,33,5.2,1.170312,0.545688,44,1,9,20,0
482,26,9.7,1.634256,0.887744,24,2,2,3,1
483,33,7.3,1.630893,0.778107,34,1,5,3,0
484,26,4.5,1.0998,0.0702,25,2,6,2,0
485,94,10.5,6.25758,3.61242,45,3,5,17,1
486,25,5.8,0.88015,0.56985,34,2,4,10,0
487,23,5.7,0.991116,0.319884,27,4,2,8,1
488,57,20.9,5.801631,6.111369,33,2,10,13,1
489,22,15,1.3299,1.9701,35,2,0,16,1
490,60,1.1,0.19206,0.46794,50,2,15,31,0
491,42,3.6,1.283688,0.228312,33,1,13,13,0
492,,25.2,,2.316132,41,3,13,13,1
493,28,33.3,,2.28438,28,1,0,2,1
494,63,16,4.36464,5.71536,90,3,12,14,1
495,16,17.8,1.83696,1.01104,25,1,3,2,1
496,33,7.1,1.14807,1.19493,47,2,4,9,1
497,98,7.2,4.120704,2.935296,30,,12,9,0
498,86,13,9.70424,1.47576,44,2,12,5,0
499,18,18.9,2.888298,0.513702,25,1,0,2,1
500,36,19.5,2.50614,4.51386,41,2,6,0,1
501,18,7.7,0.90783,0.47817,22,3,0,1,0
502,40,17.2,5.07744,1.80256,35,2,3,11,1
503,190,7.8,11.66334,3.15666,42,5,6,23,0
504,23,14.7,2.549274,0.831726,38,1,3,19,0
505,18,18.7,2.480742,0.885258,23,2,1,3,1
506,30,19.9,4.44765,1.52235,28,3,2,5,0
507,,4.7,3.785615,0.397385,52,1,19,25,0
508,20,3.5,0.595,0.105,25,1,9,2,0
509,16,14.7,1.778112,0.573888,28,2,1,4,0
510,79,7.5,5.1429,0.7821,43,1,19,11,0
511,24,19.1,2.411184,2.172816,24,2,3,1,0
512,52,9.2,3.286608,1.497392,34,3,13,7,0
513,25,4.2,0.46515,0.58485,29,2,6,9,0
514,21,8.3,1.014426,0.728574,31,1,6,9,0
515,48,8.6,2.926752,1.201248,42,2,14,1,1
516,51,15,7.10685,0.54315,49,2,11,1,0
517,73,14.3,6.712277,3.726723,39,1,22,9,0
518,22,4.2,0.893508,0.030492,45,3,0,19,0
519,32,2.9,0.855616,0.072384,41,1,7,22,0
520,46,1.6,0.494592,0.241408,29,2,9,0,0
521,38,15.1,4.355142,1.382858,35,3,7,5,0
522,25,6.8,0.9945,0.7055,27,2,5,6,0
523,19,4.1,0.492328,0.286672,28,1,4,7,0
524,66,3.2,0.64416,1.46784,48,1,17,22,0
525,18,6,0.55188,0.52812,24,1,2,5,0
526,33,4.2,1.24047,0.14553,31,1,6,12,0
527,69,6.4,4.005312,0.410688,43,1,10,9,0
528,24,10.6,1.877472,0.666528,42,1,3,10,0
529,249,7.8,15.14916,4.27284,51,2,31,14,0
530,19,23.1,2.50173,1.88727,22,1,4,3,1
531,31,11.7,1.925937,1.701063,37,,6,10,1
532,,13.8,,1.97685,22,3,1,3,1
533,20,16.9,3.00144,0.37856,49,2,2,13,1
534,30,8.2,2.30502,0.15498,29,1,9,8,0
535,30,9.7,1.43754,1.47246,42,1,2,16,0
536,67,13.2,5.102988,3.741012,34,1,15,0,0
537,27,1.7,0.163863,0.295137,34,2,9,7,0
538,43,15,4.644,1.806,32,2,5,5,1
539,66,9.6,4.694976,1.641024,42,2,18,23,0
540,14,16.1,1.415512,0.838488,24,1,3,0,1
541,48,7.6,2.174208,1.473792,34,1,16,9,0
542,32,4.7,1.377664,0.126336,26,1,10,2,0
543,68,20.1,10.811388,2.856612,30,2,12,9,0
544,16,28.5,3.66624,0.89376,32,1,4,3,1
545,25,5.7,1.081575,0.343425,38,3,13,18,0
546,37,8.5,2.468825,0.676175,43,2,10,24,0
547,53,13.5,5.960115,1.194885,31,2,9,8,0
548,123,17.3,18.257382,3.021618,,4,10,18,0
549,20,21.7,4.1664,0.1736,37,2,4,11,1
550,,26.5,17.79899,4.99101,41,3,12,11,1
551,20,3,0.3366,0.2634,32,1,0,4,1
552,35,9,2.3688,0.7812,22,2,0,1,1
553,63,18.2,5.916456,5.549544,32,2,12,3,0
554,41,9.5,3.439285,0.455715,,2,17,23,0
555,46,6.2,1.885172,0.966828,40,1,21,21,0
556,22,6.7,1.104026,0.369974,31,1,8,1,0
557,27,2.2,0.468666,0.125334,34,3,7,0,0
558,234,7.7,10.63062,7.38738,52,4,13,17,0
559,17,2.5,0.225675,0.199325,28,1,2,2,1
560,63,13.4,3.351474,5.090526,38,3,15,18,0
561,26,3.1,0.775372,0.030628,33,2,10,4,0
562,32,6.6,0.682176,1.429824,39,2,9,12,0
563,115,4,3.9468,0.6532,47,3,23,11,0
564,49,1.3,0.364364,0.272636,36,2,11,8,0
565,84,13.6,4.51248,6.91152,29,3,7,2,1
566,59,16.5,4.799355,4.935645,48,4,14,10,1
567,64,5.8,2.817408,0.894592,38,3,12,18,0
568,15,4.3,0.630165,0.014835,46,2,9,26,0
569,42,19.9,5.650008,2.707992,27,3,5,4,1
570,114,8.5,6.3954,3.2946,54,1,18,34,0
571,,12.7,1.755775,1.419225,27,4,0,0,1
572,17,1.6,0.260304,0.011696,23,1,1,0,0
573,91,13.7,11.893518,0.573482,41,1,23,2,0
574,15,11.3,1.622115,0.072885,24,1,3,5,1
575,22,27.7,0.810502,5.283498,28,1,9,0,1
576,14,10.5,1.21422,0.25578,26,1,0,0,0
577,17,5.6,0.382704,0.569296,24,1,8,0,1
578,79,7.3,5.47865,0.28835,49,2,22,4,0
579,36,8.6,2.712096,0.383904,28,2,3,1,0
580,18,13,2.20896,0.13104,38,1,6,17,0
581,37,4.5,0.830835,0.834165,33,2,2,9,0
582,25,4.7,0.964675,0.210325,26,1,8,4,0
583,40,9.8,1.94432,1.97568,36,1,9,1,0
584,50,36.6,10.98,7.32,37,3,16,14,1
585,18,33.4,3.210408,2.801592,25,4,0,1,1
586,33,4.8,0.890208,0.693792,29,1,9,2,0
587,38,6.9,2.257542,0.364458,27,2,8,4,0
588,62,15,6.8634,2.4366,45,1,17,0,0
589,57,5.5,1.777545,1.357455,37,1,9,8,0
590,26,6.1,1.048346,0.537654,29,2,3,6,1
591,44,13.2,0.847968,4.960032,51,1,10,1,1
592,23,8.4,1.559124,0.372876,22,3,0,0,1
593,30,15.7,4.44624,0.26376,30,4,7,10,0
594,20,12.3,2.3493,0.1107,31,1,7,2,0
595,18,14.8,0.724608,1.939392,28,1,2,0,1
596,,5.7,2.005146,0.217854,35,1,10,16,0
597,34,8.5,2.75706,0.13294,25,4,1,1,1
598,28,14.8,1.549856,2.594144,32,2,5,0,1
599,24,9.6,1.262592,1.041408,33,1,2,10,0
600,41,25.1,4.394257,5.896743,28,2,3,4,1
601,73,5.4,1.718712,2.223288,46,3,4,17,0
602,83,14,5.03146,6.58854,41,1,24,12,0
603,73,6.8,2.094808,2.869192,42,2,11,5,0
604,47,5,1.9129,0.4371,41,4,9,13,0
605,29,25.7,4.926433,2.526567,26,1,3,5,1
606,113,9.2,8.015316,2.380684,47,1,27,8,0
607,18,25.6,2.62656,1.98144,29,1,1,3,1
608,36,4.7,1.067652,0.624348,34,1,3,14,0
609,43,6.2,1.62626,1.03974,36,1,7,2,0
610,64,3,1.26912,0.65088,38,2,7,4,0
611,26,19.2,3.51936,1.47264,41,2,4,14,1
612,31,13.8,2.660916,1.617084,46,1,9,23,0
613,55,16.5,7.323525,1.751475,40,3,3,15,1
614,129,2.5,2.673525,0.551475,44,2,17,0,0
615,39,10.4,2.45388,1.60212,35,3,10,15,0
616,,5.4,2.18376,1.05624,36,1,20,15,0
617,30,4.8,1.31904,0.12096,28,1,0,3,1
618,18,5.1,0.46818,0.44982,29,2,6,7,1
619,22,11.4,1.233936,1.274064,23,2,3,3,1
620,63,15.4,5.064444,4.637556,41,2,7,17,0
621,,6.9,1.120905,0.190095,25,1,1,1,0
622,29,5.4,1.122822,0.443178,45,2,2,19,0
623,148,7.2,6.681312,3.974688,48,2,30,14,0
624,45,7,2.6145,0.5355,38,1,18,7,0
625,,5.4,1.314036,1.169964,29,1,6,4,0
626,186,3.6,4.292136,2.403864,42,4,15,8,0
627,47,10.9,2.259243,2.863757,31,1,11,12,0
628,23,6.9,1.177554,0.409446,40,1,3,13,0
629,21,19.8,3.135132,1.022868,26,1,2,6,0
630,22,20.2,2.182004,2.261996,25,1,6,6,0
631,61,7.9,2.944409,1.874591,53,4,7,11,0
632,102,14.1,8.600436,5.781564,50,3,18,27,0
633,136,23.1,17.184552,14.231448,47,1,31,9,1
634,21,8.4,0.553896,1.210104,23,1,1,0,1
635,83,4.1,3.083118,0.319882,37,3,12,8,0
636,100,11.5,6.44,5.06,41,1,24,15,0
637,29,13.3,1.708651,2.148349,28,2,0,7,1
638,41,30.7,9.591294,2.995706,31,1,7,11,1
639,19,6.3,1.072512,0.124488,41,2,6,1,0
640,40,9.9,2.26512,1.69488,36,1,7,17,0
641,19,4.4,0.594396,0.241604,41,1,1,16,0
642,44,5.6,1.130976,1.333024,53,2,16,31,0
643,25,11.5,0.543375,2.331625,31,2,6,5,0
644,25,2.9,0.386425,0.338575,28,2,5,6,0
645,70,12,4.0656,4.3344,48,1,28,25,0
646,42,3.9,0.619164,1.018836,23,2,0,1,1
647,34,6.8,2.013752,0.298248,31,1,11,6,0
648,43,4.9,1.224167,0.882833,27,1,6,6,0
649,37,1.3,0.301106,0.179894,43,1,11,17,0
650,28,18.7,3.110184,2.125816,29,2,5,7,0
651,27,6.4,1.133568,0.594432,53,1,6,7,1
652,19,13.6,1.338512,1.245488,38,1,4,9,0
653,38,8.5,3.05881,0.17119,30,1,12,10,0
654,20,9.4,1.64688,0.23312,28,3,2,0,1
655,33,32.5,9.45945,1.26555,36,1,11,2,0
656,60,2.1,0.9387,0.3213,48,1,15,5,0
657,24,6.6,1.142064,0.441936,31,1,12,9,0
658,57,10.5,4.841865,1.143135,35,1,16,10,0
659,23,12.5,2.734125,0.140875,50,1,4,4,0
660,55,15,5.71725,2.53275,42,2,12,9,0
661,28,7.1,1.803116,0.184884,40,1,2,3,0
662,31,0.9,0.160983,0.118017,37,2,0,13,1
663,54,2.8,1.109808,0.402192,31,3,6,8,0
664,35,8,1.5344,1.2656,38,1,11,13,0
665,77,10.6,2.660812,5.501188,35,1,15,1,0
666,101,5.6,2.663976,2.992024,44,1,24,10,0
667,113,13.2,11.723976,3.192024,44,2,21,14,0
668,23,0.9,0.129582,0.077418,33,1,0,12,0
669,29,4.9,1.156694,0.264306,35,1,7,14,0
670,43,13,4.62852,0.96148,36,3,10,4,0
671,24,6.3,0.96012,0.55188,23,2,3,4,0
672,18,12.8,1.721088,0.582912,27,1,0,7,0
673,,1.2,0.19752,0.04248,34,1,6,1,0
674,34,11.1,2.404038,1.369962,35,1,0,5,1
675,20,3.7,0.41588,0.32412,24,2,4,4,0
676,101,6.4,4.58944,1.87456,48,2,30,8,0
677,40,11.8,4.27632,0.44368,26,2,8,1,0
678,36,2.1,0.365148,0.390852,40,1,6,9,1
679,48,9.3,4.044384,0.419616,34,1,9,8,0
680,42,3,1.16676,0.09324,35,1,17,4,0
681,33,25.4,7.216902,1.165098,30,1,7,2,1
682,14,9.7,1.157016,0.200984,20,1,4,0,1
683,30,11.5,3.1257,0.3243,36,4,1,17,0
684,16,6.3,0.86688,0.14112,21,1,1,1,0
685,53,10.5,4.724685,0.840315,34,1,18,10,0
686,39,16.1,4.577391,1.701609,35,1,7,5,1
687,20,7.9,0.7268,0.8532,35,3,1,4,0
688,33,10.3,0.897336,2.501664,34,1,10,1,1
689,68,10.8,5.978016,1.365984,33,1,12,12,0
690,18,10.7,1.698732,0.227268,30,1,4,2,0
691,16,7.3,1.143472,0.024528,24,2,0,5,0
692,253,7.2,8.907624,9.308376,47,1,31,8,0
693,,28.9,5.048541,2.754459,,1,0,26,1
694,20,4.7,0.72098,0.21902,22,3,0,2,0
695,66,12.1,5.67006,2.31594,48,2,6,1,0
696,27,4.6,0.979938,0.262062,36,2,6,15,1
697,21,11.5,2.045505,0.369495,29,2,6,4,0
698,32,7.6,1.940736,0.491264,33,1,15,3,0
699,77,8.4,4.165392,2.302608,45,1,19,22,0
700,,14.7,3.473316,2.994684,37,1,12,14,0
