ID,debt 1,credit,age,edu,exp,red,loyalty
1,0.29372937293729373,0.11419650859429939,0.0,0.5894250391097553,0.5483870967741935,0.3529411764705882,1
2,0.5577557755775576,0.23677867419960216,0.44631538577266167,0.1788500782195106,0.3225806451612903,0.1764705882352941,0
3,0.1683168316831683,0.14804150454865503,0.6644335671349464,0.1788500782195106,0.4838709677419355,0.20588235294117646,0
4,0.08250825082508251,0.4640918539381001,0.681211888778199,0.0,0.4838709677419355,0.4117647058823529,0
5,0.5577557755775576,0.31133320616361687,0.39598042084290364,0.38413755866463295,0.06451612903225806,0.0,1
6,0.3234323432343234,0.0667998675938835,0.681211888778199,0.38413755866463295,0.16129032258064516,0.14705882352941177,0
7,0.9966996699669967,0.6701267816617527,0.6476552454916937,0.1788500782195106,0.6451612903225806,0.2647058823529412,0
8,0.10561056105610561,0.020494895912522192,0.0,0.1788500782195106,0.3870967741935484,0.3235294117647059,0
9,0.7920792079207919,0.2361029681972851,0.39598042084290364,0.1788500782195106,0.0967741935483871,0.11764705882352941,1
10,0.6369636963696368,0.48495212901741747,0.5973202805619356,0.1788500782195106,0.0,0.38235294117647056,0
11,0.042904290429042896,0.029948468212713786,0.0,0.1788500782195106,0.0,0.029411764705882353,0
12,0.15841584158415842,0.04219393007722755,0.4127587424861563,0.1788500782195106,0.12903225806451613,0.0,0
13,0.31683168316831684,0.6869100283607168,0.8657734268539784,0.1788500782195106,0.7741935483870968,0.4117647058823529,0
14,0.5247524752475247,0.2987912682093475,0.6140986022051884,0.1788500782195106,0.1935483870967742,0.2647058823529412,0
15,0.2871287128712871,0.6473039085051292,0.7986601402809678,0.1788500782195106,0.7096774193548387,0.4411764705882353,0
16,0.27062706270627057,0.14128111333346424,0.5973202805619356,0.38413755866463295,0.29032258064516125,0.1764705882352941,1
17,0.5280528052805279,0.5095882225881467,0.5973202805619356,0.38413755866463295,0.4193548387096774,0.1764705882352941,1
18,0.2376237623762376,0.2051761814861464,0.7147685320647044,0.1788500782195106,0.7419354838709677,0.5588235294117647,0
19,0.17491749174917492,0.09670590693981972,0.6476552454916937,0.1788500782195106,0.1935483870967742,0.2647058823529412,0
20,0.042904290429042896,0.01530805461191262,0.0,0.0,0.0,0.6176470588235294,0
21,0.09240924092409242,0.2004185379783942,0.6476552454916937,0.1788500782195106,0.7096774193548387,0.08823529411764705,0
22,0.17161716171617158,0.10096246903744678,0.7818818186377151,0.1788500782195106,0.5483870967741935,0.6176470588235294,0
23,0.31683168316831684,0.07362004493953359,0.4630937074159143,0.1788500782195106,0.0967741935483871,0.1764705882352941,0
24,0.3102310231023102,0.06846406099658042,0.479872029059167,0.1788500782195106,0.25806451612903225,0.1764705882352941,0
25,0.5808580858085808,0.040364229028918945,0.3456454559131456,0.0,0.03225806451612903,0.058823529411764705,1
26,0.5676567656765676,0.37317485742498147,0.4127587424861563,0.7947125195548776,0.0,0.058823529411764705,0
27,0.2079207920792079,0.12196072559673919,0.7483251753512098,0.38413755866463295,0.29032258064516125,0.7647058823529411,0
28,0.5379537953795378,0.16472499081292302,0.7147685320647044,0.1788500782195106,0.8064516129032258,0.6176470588235294,0
29,0.5940594059405939,0.5386909186796416,0.5469853156321777,0.38413755866463295,0.3870967741935484,0.23529411764705882,0
30,0.4554455445544554,0.03387471632270063,0.42953706412940895,0.5894250391097553,0.06451612903225806,0.029411764705882353,0
31,0.0561056105610561,0.016358607379396817,0.7483251753512098,0.1788500782195106,0.0967741935483871,0.4411764705882353,0
32,0.3333333333333333,0.197615778208534,0.4966503507024197,0.1788500782195106,0.03225806451612903,0.29411764705882354,0
33,0.1848184818481848,0.12458377632342997,0.44631538577266167,0.0,0.06451612903225806,0.20588235294117646,0
34,0.46204620462046203,0.17654616400966114,0.4127587424861563,0.1788500782195106,0.25806451612903225,0.11764705882352941,0
35,0.08250825082508251,0.011474027923103463,0.4127587424861563,0.1788500782195106,0.25806451612903225,0.029411764705882353,0
36,0.8448844884488448,0.11419650859429939,0.42953706412940895,0.38413755866463295,0.1935483870967742,0.20588235294117646,0
37,0.5181518151815181,0.2451091088114587,0.4966503507024197,0.38413755866463295,0.3225806451612903,0.11764705882352941,0
38,0.46204620462046203,0.5582797303627983,0.530206993988925,0.38413755866463295,0.3870967741935484,0.029411764705882353,0
39,0.551155115511551,0.23251860558405962,0.4630937074159143,0.0,0.03225806451612903,0.23529411764705882,1
40,0.1254125412541254,0.09588643370296705,0.7483251753512098,0.1788500782195106,0.7419354838709677,0.14705882352941177,0
41,0.2046204620462046,0.057137657477719574,0.379202099199651,0.1788500782195106,0.22580645161290322,0.058823529411764705,0
42,0.2508250825082508,0.31489652966934933,0.5637636372754303,0.1788500782195106,0.5483870967741935,0.08823529411764705,0
43,0.1386138613861386,0.16295104339947092,0.6979902104214517,0.38413755866463295,0.22580645161290322,0.6764705882352942,0
44,0.4191419141914191,0.3364013027415359,0.6476552454916937,0.1788500782195106,0.6129032258064516,0.14705882352941177,0
45,0.2343234323432343,0.05096793920539498,0.42953706412940895,0.1788500782195106,0.0,0.0,1
46,0.2112211221122112,0.024273519618266428,0.3456454559131456,0.38413755866463295,0.0,0.029411764705882353,0
47,0.1353135313531353,0.07361127864474483,0.580541958918683,0.1788500782195106,0.4193548387096774,0.4411764705882353,0
48,0.33003300330033003,0.01928304332092493,0.7818818186377151,0.1788500782195106,0.12903225806451613,0.058823529411764705,0
49,0.36303630363036304,0.13394197133631994,0.379202099199651,0.38413755866463295,0.0,0.058823529411764705,1
50,0.23102310231023102,0.0339136386715627,0.580541958918683,0.1788500782195106,0.5806451612903225,0.058823529411764705,0
51,0.4026402640264026,0.09846372437086054,0.5637636372754303,0.1788500782195106,0.06451612903225806,0.3235294117647059,1
52,0.4488448844884488,0.13982310318419877,0.7651034969944625,0.1788500782195106,0.03225806451612903,0.3529411764705882,0
53,0.41254125412541254,0.5295403095273493,0.7651034969944625,0.1788500782195106,0.5161290322580645,0.5294117647058824,1
54,0.1089108910891089,0.05260285318349747,0.6308769238484411,0.0,0.0967741935483871,0.5294117647058824,0
55,0.3003300330033003,0.0949536999374437,0.6644335671349464,0.38413755866463295,0.0967741935483871,0.058823529411764705,0
56,0.4851485148514851,0.3137337683285691,0.6140986022051884,0.1788500782195106,0.03225806451612903,0.08823529411764705,1
57,0.15181518151815182,0.06769402966233633,0.580541958918683,0.1788500782195106,0.29032258064516125,0.029411764705882353,0
58,0.066006600660066,0.18405712538466498,0.0,0.38413755866463295,0.5161290322580645,0.38235294117647056,0
59,0.06930693069306931,0.25830834354898885,0.6644335671349464,0.5894250391097553,0.5806451612903225,0.1764705882352941,0
60,0.3894389438943894,0.43258929698523607,0.8322167835674731,0.5894250391097553,0.3225806451612903,0.5882352941176471,0
61,0.066006600660066,0.0063145374622348,0.5134286723456724,0.1788500782195106,0.29032258064516125,0.29411764705882354,0
62,0.23102310231023102,0.2535135309513323,0.479872029059167,0.1788500782195106,0.4193548387096774,0.029411764705882353,1
63,0.396039603960396,0.1504583720219143,0.6140986022051884,0.1788500782195106,0.12903225806451613,0.0,0
64,0.2178217821782178,0.37662702431279255,0.5469853156321777,0.38413755866463295,0.12903225806451613,0.2647058823529412,0
65,0.24422442244224418,0.17753500206183254,0.0,0.38413755866463295,0.16129032258064516,0.20588235294117646,0
66,0.7557755775577557,0.11419650859429939,0.530206993988925,0.38413755866463295,0.3548387096774194,0.1764705882352941,1
67,0.19801980198019803,0.03072551258278888,0.4630937074159143,0.38413755866463295,0.06451612903225806,0.08823529411764705,1
68,0.2871287128712871,0.43903182235138666,0.6476552454916937,0.1788500782195106,0.6129032258064516,0.23529411764705882,0
69,0.2574257425742574,0.25956262500736366,0.4630937074159143,0.38413755866463295,0.25806451612903225,0.08823529411764705,1
70,0.6006600660066006,0.09773787516235176,0.479872029059167,0.1788500782195106,0.03225806451612903,0.058823529411764705,1
71,0.7491749174917491,0.24374559932001602,0.5637636372754303,0.38413755866463295,0.0967741935483871,0.23529411764705882,0
72,0.7722772277227722,0.5413257162413493,0.4630937074159143,0.38413755866463295,0.16129032258064516,0.2647058823529412,0
73,0.40924092409240925,0.8013627731226802,0.7818818186377151,0.1788500782195106,0.8387096774193548,0.6176470588235294,0
74,0.3366336633663366,0.26419157930761694,0.7147685320647044,0.5894250391097553,0.03225806451612903,0.14705882352941177,0
75,0.042904290429042896,0.010408046476791055,0.681211888778199,0.1788500782195106,0.4193548387096774,0.29411764705882354,0
76,0.7722772277227722,0.6534059509816846,0.7818818186377151,0.1788500782195106,0.4193548387096774,0.7352941176470588,0
77,0.006600660066006597,0.002345509833678841,0.39598042084290364,0.1788500782195106,0.06451612903225806,0.029411764705882353,0
78,0.2079207920792079,0.025507463272731346,0.479872029059167,0.1788500782195106,0.03225806451612903,0.2647058823529412,0
79,0.0726072607260726,0.032862735252286945,0.5469853156321777,0.1788500782195106,0.45161290322580644,0.058823529411764705,0
80,0.09240924092409242,0.11829308318302058,0.5973202805619356,0.1788500782195106,0.4838709677419355,0.29411764705882354,0
81,0.3333333333333333,0.4313760417864726,0.42953706412940895,0.1788500782195106,0.12903225806451613,0.08823529411764705,1
82,0.5478547854785477,0.47811441908218993,0.5134286723456724,0.1788500782195106,0.3548387096774194,0.3529411764705882,0
83,0.6336633663366336,0.4707963161925386,0.6140986022051884,0.1788500782195106,0.22580645161290322,0.08823529411764705,0
84,0.3498349834983498,0.32121878147099825,0.580541958918683,0.7947125195548776,0.12903225806451613,0.47058823529411764,0
85,0.16501650165016502,0.05380821871695106,0.42953706412940895,0.1788500782195106,0.12903225806451613,0.08823529411764705,0
86,0.6072607260726072,0.35096457294819605,0.6644335671349464,0.1788500782195106,0.3225806451612903,0.4411764705882353,0
87,0.396039603960396,0.6099854409376148,0.479872029059167,0.38413755866463295,0.16129032258064516,0.11764705882352941,1
88,0.7986798679867986,0.24435205159350196,0.6140986022051884,0.5894250391097553,0.16129032258064516,0.5,0
89,0.08250825082508251,0.01830753003683246,0.530206993988925,0.1788500782195106,0.3870967741935484,0.3529411764705882,0
90,0.9009900990099008,0.35626397347389316,0.379202099199651,0.38413755866463295,0.0,0.029411764705882353,1
91,0.1914191419141914,0.0071999332358988885,0.530206993988925,0.1788500782195106,0.0967741935483871,0.29411764705882354,0
92,0.36303630363036304,0.0630075684682688,0.4127587424861563,0.1788500782195106,0.03225806451612903,0.1764705882352941,1
93,0.3366336633663366,0.260883530306133,0.6308769238484411,0.1788500782195106,0.16129032258064516,0.14705882352941177,0
94,0.1782178217821782,0.049932815116738985,0.530206993988925,0.38413755866463295,0.0,0.1764705882352941,1
95,0.8547854785478547,0.34170473576283594,0.681211888778199,0.5894250391097553,0.06451612903225806,0.0,1
96,0.13201320132013203,0.1254211328016517,0.5973202805619356,0.1788500782195106,0.5483870967741935,0.1764705882352941,0
97,0.0957095709570957,0.2285232790711374,0.6979902104214517,0.0,0.4193548387096774,0.0,0
98,0.2277227722772277,0.16034044081138019,0.681211888778199,0.1788500782195106,0.45161290322580644,0.23529411764705882,0
99,0.1947194719471947,0.11736262865414228,0.479872029059167,0.38413755866463295,0.12903225806451613,0.2647058823529412,0
100,0.29372937293729373,0.2314740138970318,0.6308769238484411,0.5894250391097553,0.12903225806451613,0.1764705882352941,1
101,0.0726072607260726,0.17102550220349585,0.6476552454916937,0.1788500782195106,0.7096774193548387,0.2647058823529412,0
102,0.2607260726072607,0.0032463342861711346,0.5973202805619356,0.1788500782195106,0.1935483870967742,0.2647058823529412,0
103,0.1782178217821782,0.13413132330375702,0.5469853156321777,0.1788500782195106,0.25806451612903225,0.20588235294117646,0
104,0.0891089108910891,0.23733305468204294,0.6979902104214517,0.38413755866463295,0.6774193548387096,0.3235294117647059,0
105,0.7656765676567656,0.11419650859429939,0.681211888778199,0.38413755866463295,0.7096774193548387,0.5,0
106,0.10561056105610561,0.09161549488188643,0.6644335671349464,0.1788500782195106,0.25806451612903225,0.5,0
107,0.35643564356435636,0.3514063942055492,0.8825517484972312,0.1788500782195106,0.29032258064516125,0.5294117647058824,1
108,0.4323432343234323,0.22502973527192344,0.4630937074159143,0.1788500782195106,0.12903225806451613,0.20588235294117646,0
109,0.24752475247524752,0.29961863111151005,0.5973202805619356,0.38413755866463295,0.3870967741935484,0.38235294117647056,0
110,0.3201320132013201,0.1939760126122436,0.5637636372754303,0.38413755866463295,0.29032258064516125,0.38235294117647056,0
111,0.1485148514851485,0.07836085716129139,0.7483251753512098,0.5894250391097553,0.06451612903225806,0.14705882352941177,0
112,0.28052805280528054,0.04465217446188975,0.6308769238484411,0.1788500782195106,0.1935483870967742,0.0,0
113,0.2409240924092409,0.14407440550495257,0.3456454559131456,0.5894250391097553,0.0,0.058823529411764705,0
114,0.6930693069306929,0.42083439697710096,0.6979902104214517,0.0,0.3870967741935484,0.3235294117647059,0
115,0.27062706270627057,0.3250822629102976,0.0,0.1788500782195106,0.5161290322580645,0.7352941176470588,0
116,0.15841584158415842,0.09482606268531946,0.4127587424861563,0.38413755866463295,0.12903225806451613,0.1764705882352941,0
117,0.1914191419141914,0.36748202558916504,0.5637636372754303,0.38413755866463295,0.29032258064516125,0.2647058823529412,0
118,0.09900990099009899,0.17897547962152047,0.6644335671349464,0.38413755866463295,0.4838709677419355,0.47058823529411764,0
119,0.40924092409240925,0.1888161714995834,0.5134286723456724,0.38413755866463295,0.0,0.11764705882352941,1
120,0.2079207920792079,0.08064710684219825,0.4127587424861563,0.1788500782195106,0.03225806451612903,0.0,1
121,0.3003300330033003,0.2333647283570701,0.7483251753512098,0.1788500782195106,0.3870967741935484,0.5588235294117647,0
122,0.264026402640264,0.04691791101299094,0.379202099199651,0.1788500782195106,0.0967741935483871,0.0,1
123,0.2673267326732673,0.3455238597505042,0.5637636372754303,0.7947125195548776,0.1935483870967742,0.08823529411764705,1
124,0.4059405940594059,0.18948486446606952,0.5134286723456724,0.1788500782195106,0.06451612903225806,0.11764705882352941,1
125,0.0792079207920792,0.02257355973283138,0.4630937074159143,0.1788500782195106,0.16129032258064516,0.2647058823529412,0
126,0.13201320132013203,0.1196893786169732,0.681211888778199,0.1788500782195106,0.22580645161290322,0.3235294117647059,0
127,0.4158415841584158,0.1761856939679476,0.6476552454916937,0.38413755866463295,0.22580645161290322,0.058823529411764705,1
128,0.03300330033003299,0.020217179693614487,0.479872029059167,0.38413755866463295,0.29032258064516125,0.08823529411764705,0
129,0.2838283828382838,0.06225016059852053,0.3456454559131456,0.1788500782195106,0.16129032258064516,0.029411764705882353,0
130,0.1782178217821782,0.26209678550489646,0.681211888778199,0.38413755866463295,0.6129032258064516,0.058823529411764705,0
131,0.08250825082508251,0.05258689852698195,0.42953706412940895,0.7947125195548776,0.03225806451612903,0.20588235294117646,0
132,0.41254125412541254,0.17056264183864964,0.5469853156321777,0.1788500782195106,0.16129032258064516,0.29411764705882354,0
133,0.561056105610561,0.09404551179732885,0.7483251753512098,0.38413755866463295,0.5806451612903225,0.5588235294117647,0
134,0.43894389438943887,0.4274206895777871,0.6476552454916937,0.1788500782195106,0.5483870967741935,0.5882352941176471,0
135,0.1947194719471947,0.0891081592464072,0.39598042084290364,0.1788500782195106,0.22580645161290322,0.058823529411764705,0
136,0.05940594059405941,0.07731836938501284,0.479872029059167,0.38413755866463295,0.1935483870967742,0.20588235294117646,0
137,0.396039603960396,0.04795233379806384,0.44631538577266167,0.38413755866463295,0.03225806451612903,0.0,0
138,0.18151815181518152,0.16709820213813434,0.6644335671349464,0.0,0.4193548387096774,0.058823529411764705,0
139,0.2079207920792079,0.08027120812165651,0.479872029059167,0.1788500782195106,0.25806451612903225,0.29411764705882354,0
140,0.2046204620462046,0.2013186611273034,0.0,0.38413755866463295,0.12903225806451613,0.08823529411764705,1
141,0.5148514851485148,0.17479009983757807,0.39598042084290364,0.1788500782195106,0.0,0.058823529411764705,1
142,0.5742574257425742,0.49790169967936393,0.44631538577266167,0.1788500782195106,0.29032258064516125,0.1764705882352941,1
143,0.13201320132013203,0.22185808981735244,0.681211888778199,0.5894250391097553,0.5161290322580645,0.6470588235294118,0
144,0.2871287128712871,0.022679105922087973,0.5134286723456724,0.1788500782195106,0.3548387096774194,0.23529411764705882,0
145,0.16501650165016502,0.07649258441591228,0.681211888778199,0.1788500782195106,0.5161290322580645,0.5,0
146,0.09900990099009899,0.06027248449417777,0.6979902104214517,0.38413755866463295,0.16129032258064516,0.08823529411764705,0
147,0.396039603960396,0.06408371881653616,0.4630937074159143,0.7947125195548776,0.03225806451612903,0.08823529411764705,0
148,0.31683168316831684,0.30827622384488285,0.4966503507024197,0.7947125195548776,0.06451612903225806,0.23529411764705882,0
149,0.264026402640264,0.11750622056278207,0.4966503507024197,0.1788500782195106,0.3548387096774194,0.029411764705882353,0
150,0.2508250825082508,0.29973434620272155,0.5134286723456724,0.1788500782195106,0.25806451612903225,0.11764705882352941,0
151,0.5841584158415841,0.2698461900981544,0.7483251753512098,0.38413755866463295,0.4838709677419355,0.4117647058823529,0
152,0.1881188118811881,0.37509362402834384,0.7147685320647044,0.1788500782195106,0.4193548387096774,0.6764705882352942,1
153,0.5247524752475247,0.23063244959731144,0.5973202805619356,0.1788500782195106,0.12903225806451613,0.29411764705882354,0
154,0.22442244224422442,0.1055013058272717,0.4630937074159143,0.1788500782195106,0.25806451612903225,0.1764705882352941,0
155,0.4224422442244224,0.28434423907158624,0.44631538577266167,0.38413755866463295,0.0967741935483871,0.14705882352941177,0
156,0.6204620462046203,0.4889516633518383,0.5973202805619356,0.5894250391097553,0.4193548387096774,0.08823529411764705,0
157,0.3597359735973597,0.36692483989239194,0.5469853156321777,0.1788500782195106,0.3870967741935484,0.3235294117647059,0
158,0.4752475247524752,0.27113238086956026,0.8993300701404838,0.1788500782195106,0.29032258064516125,0.058823529411764705,1
159,0.4422442244224422,0.23440686548155706,0.5469853156321777,0.1788500782195106,0.29032258064516125,0.11764705882352941,1
160,0.1353135313531353,0.05230918230807424,0.5134286723456724,0.1788500782195106,0.29032258064516125,0.14705882352941177,0
161,0.28052805280528054,0.24705171973664644,0.3456454559131456,0.1788500782195106,0.12903225806451613,0.0,0
162,0.2739273927392739,0.13352118918645978,0.4630937074159143,0.5894250391097553,0.16129032258064516,0.2647058823529412,0
163,0.2112211221122112,0.047545577719865686,0.5134286723456724,0.38413755866463295,0.06451612903225806,0.029411764705882353,1
164,0.12211221122112209,0.05513999422125847,0.530206993988925,0.1788500782195106,0.25806451612903225,0.1764705882352941,0
165,0.3993399339933993,0.1015669927260792,0.580541958918683,0.38413755866463295,0.03225806451612903,0.23529411764705882,1
166,0.6105610561056104,0.11419650859429939,0.6644335671349464,0.38413755866463295,0.4193548387096774,0.3235294117647059,1
167,0.5016501650165015,0.2848049955256831,0.3624237775563983,0.1788500782195106,0.12903225806451613,0.058823529411764705,1
168,0.20132013201320131,0.20451660546624062,0.6476552454916937,0.1788500782195106,0.12903225806451613,0.2647058823529412,0
169,0.042904290429042896,0.059849247781776756,0.681211888778199,0.7947125195548776,0.45161290322580644,0.08823529411764705,0
170,0.1188118811881188,0.30211176534943146,0.5637636372754303,0.1788500782195106,0.5161290322580645,0.2647058823529412,0
171,0.30693069306930687,0.0944789174116848,0.479872029059167,0.1788500782195106,0.22580645161290322,0.2647058823529412,0
172,0.3597359735973597,0.04898465267238743,0.5134286723456724,0.1788500782195106,0.12903225806451613,0.29411764705882354,0
173,0.1452145214521452,0.05315600638466781,0.530206993988925,0.1788500782195106,0.03225806451612903,0.0,1
174,0.27722772277227725,0.6557048241270873,0.0,0.1788500782195106,0.45161290322580644,0.20588235294117646,0
175,0.2343234323432343,0.0973591712274776,0.5469853156321777,0.1788500782195106,0.1935483870967742,0.4117647058823529,0
176,0.32673267326732675,0.12428712490777856,0.42953706412940895,0.1788500782195106,0.1935483870967742,0.0,0
177,0.5577557755775576,0.02579359513463626,0.3456454559131456,0.1788500782195106,0.03225806451612903,0.029411764705882353,0
178,0.2178217821782178,0.06095800874665828,0.4630937074159143,0.38413755866463295,0.22580645161290322,0.058823529411764705,0
179,0.28052805280528054,0.10355729229491777,0.6140986022051884,0.1788500782195106,0.4193548387096774,0.14705882352941177,0
180,0.7425742574257425,0.3703372078018621,0.5469853156321777,0.38413755866463295,0.06451612903225806,0.4117647058823529,1
181,0.15181518151815182,0.09634228103198222,0.6476552454916937,0.1788500782195106,0.3870967741935484,0.29411764705882354,0
182,0.17161716171617158,0.15185045963436836,0.6644335671349464,0.38413755866463295,0.25806451612903225,0.5588235294117647,0
183,0.08580858085808579,0.15784660526987562,0.7483251753512098,0.5894250391097553,0.5161290322580645,0.6176470588235294,0
184,0.20132013201320131,0.1471254267432303,0.44631538577266167,0.1788500782195106,0.3225806451612903,0.1764705882352941,0
185,0.7854785478547853,0.24772812704254665,0.4630937074159143,0.7947125195548776,0.0,0.20588235294117646,0
186,0.2508250825082508,0.1672300472117572,0.0,0.1788500782195106,0.4193548387096774,0.2647058823529412,0
187,0.4818481848184818,0.48760831633840973,0.6644335671349464,0.1788500782195106,0.45161290322580644,0.6176470588235294,1
188,0.5445544554455444,0.810998684354478,0.44631538577266167,0.1788500782195106,0.3548387096774194,0.23529411764705882,0
189,0.29372937293729373,0.07386690380078488,0.5973202805619356,0.1788500782195106,0.03225806451612903,0.11764705882352941,0
190,0.5016501650165015,0.7702276992473609,0.9161083917837365,0.1788500782195106,0.6129032258064516,0.058823529411764705,0
191,0.4224422442244224,0.1883701424207316,0.44631538577266167,0.38413755866463295,0.12903225806451613,0.08823529411764705,1
192,0.3498349834983498,0.1287652989376653,0.4966503507024197,0.1788500782195106,0.03225806451612903,0.23529411764705882,0
193,0.35643564356435636,0.14090311070217318,0.5973202805619356,0.1788500782195106,0.3225806451612903,0.0,1
194,0.06930693069306931,0.046549726631863304,0.5134286723456724,0.1788500782195106,0.03225806451612903,0.1764705882352941,1
195,0.22442244224422442,0.02976051885244291,0.5469853156321777,0.38413755866463295,0.4193548387096774,0.058823529411764705,0
196,0.1254125412541254,0.08567299897048632,0.4966503507024197,0.1788500782195106,0.12903225806451613,0.0,0
197,0.18151815181518152,0.039843511118467,0.39598042084290364,0.1788500782195106,0.03225806451612903,0.0,1
198,0.1287128712871287,0.06402130279764023,0.5469853156321777,0.7947125195548776,0.29032258064516125,0.29411764705882354,0
199,0.2145214521452145,0.06788495956283538,0.0,0.1788500782195106,0.25806451612903225,0.7941176470588235,0
200,0.7491749174917491,0.5837454660723351,0.5134286723456724,0.38413755866463295,0.1935483870967742,0.1764705882352941,1
201,0.12211221122112209,0.04370331071395509,0.4630937074159143,0.1788500782195106,0.0967741935483871,0.20588235294117646,0
202,0.1881188118811881,0.047830306974604386,0.0,0.5894250391097553,0.25806451612903225,0.29411764705882354,1
203,0.3102310231023102,0.16882375960435253,0.9999999999999999,0.7947125195548776,0.0967741935483871,0.6764705882352942,0
204,0.30693069306930687,0.055601802630729995,0.5973202805619356,0.38413755866463295,0.0,0.5,0
205,0.1683168316831683,0.09818758608501481,0.479872029059167,0.5894250391097553,0.22580645161290322,0.029411764705882353,0
206,0.1848184818481848,0.44700809865377755,0.6644335671349464,0.5894250391097553,0.5483870967741935,0.3235294117647059,0
207,0.1848184818481848,0.09313031062138301,0.0,0.1788500782195106,0.22580645161290322,0.1764705882352941,0
208,0.0198019801980198,0.023143719545891898,0.42953706412940895,0.38413755866463295,0.1935483870967742,0.1764705882352941,0
209,0.22442244224422442,0.3108345793160326,0.5973202805619356,0.1788500782195106,0.45161290322580644,0.3235294117647059,0
210,0.0495049504950495,0.012989720292078913,0.42953706412940895,0.38413755866463295,0.1935483870967742,0.0,0
211,0.3861386138613861,0.28094992972938093,0.6644335671349464,0.5894250391097553,0.5161290322580645,0.1764705882352941,0
212,0.2838283828382838,0.3433273769282341,0.7315468537079571,0.1788500782195106,0.16129032258064516,0.08823529411764705,1
213,0.1353135313531353,0.046944209897357196,0.479872029059167,0.5894250391097553,0.03225806451612903,0.29411764705882354,0
214,0.16501650165016502,0.09988701999276252,0.580541958918683,0.5894250391097553,0.16129032258064516,0.08823529411764705,1
215,0.33003300330033003,0.6912931757550934,0.5637636372754303,0.0,0.5161290322580645,0.08823529411764705,0
216,0.2079207920792079,0.2259672028366327,0.5637636372754303,0.5894250391097553,0.3870967741935484,0.23529411764705882,0
217,0.3234323432343234,0.2345446716356363,0.7651034969944625,0.1788500782195106,0.45161290322580644,0.7352941176470588,0
218,0.3894389438943894,0.5655266509387649,0.681211888778199,0.38413755866463295,0.6774193548387096,0.6470588235294118,0
219,0.1188118811881188,0.07642525927193465,0.0,0.38413755866463295,0.22580645161290322,0.23529411764705882,1
220,0.2508250825082508,0.2816968180453827,0.44631538577266167,0.7947125195548776,0.0,0.1764705882352941,1
221,0.066006600660066,0.01673310349277236,0.4630937074159143,0.1788500782195106,0.3548387096774194,0.1764705882352941,0
222,0.3432343234323432,0.14689364590901566,0.7986601402809678,0.5894250391097553,0.0,0.7941176470588235,0
223,0.3828382838283828,0.589926755853781,0.7986601402809678,0.5894250391097553,0.5483870967741935,0.7647058823529411,0
224,0.6435643564356434,0.5547914463404575,0.479872029059167,0.5894250391097553,0.16129032258064516,0.1764705882352941,1
225,0.66006600660066,0.7061257465376641,0.7147685320647044,0.38413755866463295,0.29032258064516125,0.14705882352941177,1
226,0.24752475247524752,0.05092849087884559,0.379202099199651,0.1788500782195106,0.16129032258064516,0.058823529411764705,0
227,0.5841584158415841,0.6472267651109882,0.479872029059167,0.38413755866463295,0.3225806451612903,0.23529411764705882,0
228,0.0495049504950495,0.1530996566417657,0.6644335671349464,0.7947125195548776,0.16129032258064516,0.1764705882352941,0
229,0.17161716171617158,0.034276913927608635,0.3624237775563983,0.38413755866463295,0.0,0.08823529411764705,0
230,0.46204620462046203,0.14680528165754503,0.379202099199651,0.1788500782195106,0.22580645161290322,0.08823529411764705,0
231,0.49174917491749176,0.2796104398856594,0.7651034969944625,0.5894250391097553,0.29032258064516125,0.29411764705882354,0
232,0.2508250825082508,0.09669293282353236,0.9161083917837365,0.1788500782195106,0.0967741935483871,0.3235294117647059,1
233,0.006600660066006597,0.0031060735695510808,0.6308769238484411,0.38413755866463295,0.25806451612903225,0.47058823529411764,0
234,0.0792079207920792,0.016093514624984918,0.580541958918683,0.38413755866463295,0.16129032258064516,0.029411764705882353,0
235,0.0165016501650165,0.010901062895710543,0.4966503507024197,0.1788500782195106,0.3548387096774194,0.2647058823529412,0
236,0.20132013201320131,0.09025847244858741,0.39598042084290364,0.1788500782195106,0.22580645161290322,0.0,0
237,0.3003300330033003,0.037590573357757395,0.0,0.38413755866463295,0.12903225806451613,0.08823529411764705,0
238,0.2871287128712871,0.01877021507578286,0.530206993988925,0.38413755866463295,0.06451612903225806,0.3235294117647059,1
239,0.1023102310231023,0.10886493313771636,0.6140986022051884,0.38413755866463295,0.3548387096774194,0.11764705882352941,0
240,0.6435643564356434,0.443423034736969,0.6476552454916937,0.1788500782195106,0.1935483870967742,0.5588235294117647,1
241,0.5907590759075907,0.0841928977583532,0.4966503507024197,0.0,0.12903225806451613,0.11764705882352941,0
242,0.3003300330033003,0.35846764465789,0.4966503507024197,0.1788500782195106,0.3225806451612903,0.3235294117647059,0
243,0.1287128712871287,0.0739426445877597,0.530206993988925,0.38413755866463295,0.22580645161290322,0.29411764705882354,0
244,0.46204620462046203,0.11419650859429939,0.8993300701404838,0.5894250391097553,0.6774193548387096,0.5882352941176471,0
245,0.42574257425742573,0.2787022517455446,0.44631538577266167,0.5894250391097553,0.0967741935483871,0.11764705882352941,0
246,0.7689768976897688,0.358622808075651,0.5134286723456724,0.1788500782195106,0.3870967741935484,0.11764705882352941,0
247,0.0462046204620462,0.02244206531100008,0.6476552454916937,0.1788500782195106,0.4838709677419355,0.47058823529411764,0
248,0.4521452145214521,0.20436933171378954,0.5134286723456724,0.1788500782195106,0.16129032258064516,0.08823529411764705,0
249,0.5973597359735973,0.21072489543563572,0.580541958918683,0.1788500782195106,0.4838709677419355,0.3235294117647059,0
250,0.42574257425742573,0.8526133376720647,0.580541958918683,0.38413755866463295,0.3225806451612903,0.47058823529411764,0
251,0.3531353135313531,0.5808504848812973,0.7651034969944625,0.38413755866463295,0.7096774193548387,0.5,0
252,0.6897689768976897,0.47371724561615125,0.5469853156321777,0.1788500782195106,0.4193548387096774,0.08823529411764705,1
253,0.0495049504950495,0.24663952855567925,0.0,0.38413755866463295,0.4193548387096774,0.08823529411764705,0
254,0.24752475247524752,0.06281243074627114,0.580541958918683,0.38413755866463295,0.03225806451612903,0.029411764705882353,0
255,0.2838283828382838,0.0768144827605553,0.6308769238484411,0.1788500782195106,0.16129032258064516,0.38235294117647056,0
256,0.24422442244224418,0.39311432089968823,0.681211888778199,0.1788500782195106,0.6129032258064516,0.029411764705882353,0
257,0.1353135313531353,0.1041758420552122,0.6308769238484411,0.1788500782195106,0.5806451612903225,0.5588235294117647,0
258,0.4224422442244224,0.19832164026492444,0.5637636372754303,0.5894250391097553,0.06451612903225806,0.4117647058823529,0
259,0.13201320132013203,0.4546691389955649,0.8489951052107257,0.5894250391097553,0.5161290322580645,0.7352941176470588,0
260,0.3003300330033003,0.09853473135864944,0.5637636372754303,0.38413755866463295,0.3225806451612903,0.058823529411764705,0
261,0.7953795379537952,0.3858316338409835,0.7818818186377151,0.1788500782195106,0.4838709677419355,0.029411764705882353,0
262,0.16501650165016502,0.37604739690136013,0.5637636372754303,0.38413755866463295,0.25806451612903225,0.1764705882352941,0
263,0.3795379537953795,0.06817687717930088,0.44631538577266167,0.38413755866463295,0.25806451612903225,0.20588235294117646,0
264,0.6204620462046203,0.13852428894829708,0.8657734268539784,0.1788500782195106,0.29032258064516125,0.3235294117647059,1
265,0.15181518151815182,0.03875649056466159,0.6476552454916937,0.1788500782195106,0.29032258064516125,0.1764705882352941,0
266,0.19801980198019803,0.10854215816359447,0.5469853156321777,0.1788500782195106,0.22580645161290322,0.0,0
267,0.22442244224422442,0.030820889870090514,0.5637636372754303,0.1788500782195106,0.0,0.029411764705882353,0
268,0.4686468646864686,0.5431522614235339,0.5134286723456724,0.5894250391097553,0.29032258064516125,0.20588235294117646,1
269,0.4884488448844884,0.15059793143495126,0.4630937074159143,0.1788500782195106,0.06451612903225806,0.2647058823529412,0
270,0.1089108910891089,0.1585040773790321,0.6476552454916937,0.1788500782195106,0.6129032258064516,0.47058823529411764,0
271,0.2376237623762376,0.7238827532617629,0.8489951052107257,0.38413755866463295,0.7096774193548387,0.6764705882352942,0
272,0.026402640264026396,0.012760919998092451,0.3624237775563983,0.1788500782195106,0.12903225806451613,0.029411764705882353,0
273,0.33003300330033003,0.16103332875148324,0.44631538577266167,0.5894250391097553,0.1935483870967742,0.11764705882352941,0
274,0.6798679867986798,0.11967114472381259,0.530206993988925,0.1788500782195106,0.5161290322580645,0.29411764705882354,0
275,0.22442244224422442,0.13370212551089963,0.4630937074159143,0.38413755866463295,0.1935483870967742,0.20588235294117646,0
276,0.32673267326732675,0.06404374451229944,0.44631538577266167,0.38413755866463295,0.03225806451612903,0.0,1
277,0.4356435643564356,0.2743527669231567,0.42953706412940895,0.38413755866463295,0.06451612903225806,0.1764705882352941,1
278,0.066006600660066,0.04581756569110662,0.530206993988925,0.1788500782195106,0.45161290322580644,0.0,0
279,0.1089108910891089,0.07624818011720183,0.4966503507024197,0.1788500782195106,0.0,0.3235294117647059,1
280,0.28052805280528054,0.33059556102884036,0.6476552454916937,0.1788500782195106,0.4193548387096774,0.029411764705882353,0
281,0.1452145214521452,0.05850835533088904,0.5134286723456724,0.1788500782195106,0.3548387096774194,0.1764705882352941,1
282,0.8019801980198018,0.7647165050395675,0.5637636372754303,0.1788500782195106,0.4838709677419355,0.058823529411764705,1
283,0.4026402640264026,0.02149846133993867,0.5134286723456724,0.1788500782195106,0.25806451612903225,0.08823529411764705,0
284,0.33003300330033003,0.09777995337733777,0.479872029059167,0.38413755866463295,0.03225806451612903,0.20588235294117646,0
285,0.4455445544554455,0.18560069457106868,0.479872029059167,0.1788500782195106,0.29032258064516125,0.0,0
286,0.2376237623762376,0.11187615539765314,0.580541958918683,0.38413755866463295,0.29032258064516125,0.47058823529411764,0
287,0.1848184818481848,0.16053961102898065,0.479872029059167,0.1788500782195106,0.3548387096774194,0.20588235294117646,0
288,0.7359735973597359,0.20983914901018008,0.6308769238484411,0.38413755866463295,0.06451612903225806,0.47058823529411764,1
289,0.09900990099009899,0.02928082720160233,0.580541958918683,0.1788500782195106,0.5161290322580645,0.4411764705882353,0
290,0.1881188118811881,0.1223094488034358,0.479872029059167,0.1788500782195106,0.3548387096774194,0.14705882352941177,0
291,0.13201320132013203,0.04384970783692727,0.379202099199651,0.38413755866463295,0.0967741935483871,0.11764705882352941,0
292,0.1683168316831683,0.0849671369140959,0.5469853156321777,0.0,0.29032258064516125,0.23529411764705882,0
293,0.0792079207920792,0.18528160144075806,0.8489951052107257,0.38413755866463295,0.6129032258064516,0.7352941176470588,0
294,0.0726072607260726,0.015371873237974745,0.39598042084290364,0.1788500782195106,0.12903225806451613,0.058823529411764705,0
295,0.3102310231023102,0.5654000656420153,0.5134286723456724,0.1788500782195106,0.3225806451612903,0.3529411764705882,1
296,0.16501650165016502,0.16139800661469536,0.7483251753512098,0.1788500782195106,0.3225806451612903,0.4117647058823529,0
297,0.2838283828382838,0.08030171482752138,0.479872029059167,0.1788500782195106,0.0967741935483871,0.029411764705882353,0
298,0.551155115511551,0.35711851188990085,0.5637636372754303,0.1788500782195106,0.0,0.29411764705882354,0
299,0.15181518151815182,0.09428220175662519,0.4127587424861563,0.38413755866463295,0.12903225806451613,0.14705882352941177,1
300,0.0495049504950495,0.09308823240639699,0.6140986022051884,0.1788500782195106,0.6451612903225806,0.058823529411764705,0
301,0.8217821782178216,0.11419650859429939,0.7818818186377151,0.1788500782195106,0.9354838709677419,0.5294117647058824,1
302,0.3036303630363036,0.10701612156676828,0.7147685320647044,0.38413755866463295,0.1935483870967742,0.7058823529411764,0
303,0.1683168316831683,0.26195336892215243,0.7818818186377151,0.1788500782195106,0.7096774193548387,0.5588235294117647,0
304,0.15841584158415842,0.016903520263465727,0.39598042084290364,0.1788500782195106,0.1935483870967742,0.058823529411764705,0
305,0.1947194719471947,0.38481912679288255,0.44631538577266167,0.5894250391097553,0.16129032258064516,0.029411764705882353,0
306,0.026402640264026396,0.009499858336676211,0.4127587424861563,0.1788500782195106,0.29032258064516125,0.11764705882352941,0
307,0.4719471947194719,0.07619593300026087,0.5973202805619356,0.5894250391097553,0.3548387096774194,0.3529411764705882,0
308,0.6270627062706269,0.2713136678457917,0.0,0.1788500782195106,0.5161290322580645,0.5882352941176471,0
309,0.2211221122112211,0.2269951385635619,0.42953706412940895,0.1788500782195106,0.3225806451612903,0.029411764705882353,0
310,0.3201320132013201,0.183882500792473,0.681211888778199,0.1788500782195106,0.12903225806451613,0.5588235294117647,0
311,0.8811881188118811,0.11419650859429939,0.6476552454916937,0.0,0.6129032258064516,0.4411764705882353,1
312,0.3861386138613861,0.8032917086279976,0.6140986022051884,0.1788500782195106,0.5806451612903225,0.23529411764705882,0
313,0.46204620462046203,0.10080537703483232,0.479872029059167,0.1788500782195106,0.06451612903225806,0.0,1
314,0.3696369636963696,0.17763388586704967,0.6979902104214517,0.1788500782195106,0.1935483870967742,0.2647058823529412,0
315,0.3531353135313531,0.18475720168649482,0.5134286723456724,0.7947125195548776,0.03225806451612903,0.1764705882352941,0
316,0.5577557755775576,0.0892165106499962,0.5973202805619356,0.1788500782195106,0.12903225806451613,0.4411764705882353,0
317,0.6468646864686468,0.7273051147472922,0.6476552454916937,0.1788500782195106,0.5161290322580645,0.11764705882352941,0
318,0.2079207920792079,0.08008325876138564,0.379202099199651,0.7947125195548776,0.0,0.058823529411764705,0
319,0.2178217821782178,0.0676098732323643,0.6476552454916937,0.1788500782195106,0.12903225806451613,0.4411764705882353,0
320,0.0891089108910891,0.04773492968730275,0.44631538577266167,0.5894250391097553,0.12903225806451613,0.029411764705882353,1
321,0.15181518151815182,0.06485375015078025,0.39598042084290364,0.1788500782195106,0.25806451612903225,0.11764705882352941,0
322,0.3498349834983498,0.04915331618412304,0.44631538577266167,0.5894250391097553,0.0967741935483871,0.11764705882352941,1
323,0.039603960396039604,0.07354991458122356,0.681211888778199,0.1788500782195106,0.5161290322580645,0.6470588235294118,0
324,0.2541254125412541,0.15538608164856835,0.6308769238484411,0.1788500782195106,0.0,0.23529411764705882,1
325,0.5280528052805279,0.27570768544570645,0.6644335671349464,0.38413755866463295,0.16129032258064516,0.3529411764705882,1
326,0.8613861386138613,0.11419650859429939,0.8993300701404838,0.1788500782195106,0.8064516129032258,0.3529411764705882,1
327,0.561056105610561,0.4839517194561249,0.6644335671349464,0.1788500782195106,0.3870967741935484,0.1764705882352941,0
328,0.1089108910891089,0.14761879381394133,0.6644335671349464,0.1788500782195106,0.06451612903225806,0.11764705882352941,0
329,0.2508250825082508,0.025342306278911233,0.479872029059167,0.1788500782195106,0.03225806451612903,0.23529411764705882,0
330,0.3828382838283828,0.1315056426886296,0.4966503507024197,0.1788500782195106,0.25806451612903225,0.1764705882352941,0
331,0.023102310231023104,0.003191281954897763,0.479872029059167,0.1788500782195106,0.03225806451612903,0.029411764705882353,0
332,0.066006600660066,0.0433938605079121,0.479872029059167,0.5894250391097553,0.0967741935483871,0.08823529411764705,1
333,0.06930693069306931,0.07845903966292543,0.4630937074159143,0.7947125195548776,0.06451612903225806,0.11764705882352941,1
334,0.33003300330033003,0.10950434667960803,0.4630937074159143,0.7947125195548776,0.0,0.14705882352941177,0
335,0.45874587458745875,0.8748788498060193,0.6476552454916937,0.38413755866463295,0.5161290322580645,0.2647058823529412,0
336,0.0957095709570957,0.013588282900254992,0.530206993988925,0.1788500782195106,0.3548387096774194,0.058823529411764705,0
337,0.495049504950495,0.4623526210520114,0.5973202805619356,0.38413755866463295,0.22580645161290322,0.47058823529411764,0
338,0.2574257425742574,0.13363690427767133,0.6476552454916937,0.1788500782195106,0.6451612903225806,0.3529411764705882,0
339,0.6402640264026401,0.9752674771865942,0.4630937074159143,0.5894250391097553,0.1935483870967742,0.23529411764705882,1
340,0.4554455445544554,0.07462992209919797,0.4630937074159143,0.1788500782195106,0.12903225806451613,0.058823529411764705,1
341,0.3894389438943894,0.34606772067919844,0.7651034969944625,0.1788500782195106,0.1935483870967742,0.5588235294117647,0
342,0.20132013201320131,0.05931783499168253,0.4966503507024197,0.0,0.12903225806451613,0.23529411764705882,0
343,0.1485148514851485,0.07190044855377173,0.6476552454916937,0.38413755866463295,0.4838709677419355,0.5588235294117647,0
344,0.5148514851485148,0.11419650859429939,0.6644335671349464,0.5894250391097553,0.16129032258064516,0.08823529411764705,1
345,0.429042904290429,0.7907197899455507,0.7315468537079571,0.38413755866463295,0.5806451612903225,0.11764705882352941,0
346,0.5346534653465346,0.10743900762737775,0.4966503507024197,0.1788500782195106,0.0,0.23529411764705882,1
347,0.1287128712871287,0.06083230007938755,0.39598042084290364,0.38413755866463295,0.0967741935483871,0.0,0
348,0.3597359735973597,0.20272442415962788,0.530206993988925,0.1788500782195106,0.3225806451612903,0.38235294117647056,0
349,0.0726072607260726,0.023659177679470594,0.479872029059167,0.38413755866463295,0.0967741935483871,0.23529411764705882,0
350,0.11221122112211221,0.046638090883333934,0.6644335671349464,0.38413755866463295,0.06451612903225806,0.029411764705882353,0
351,0.009900990099009896,0.012989720292078913,0.681211888778199,0.38413755866463295,0.25806451612903225,0.6176470588235294,0
352,0.6006600660066006,0.1393164113454088,0.3624237775563983,0.1788500782195106,0.03225806451612903,0.08823529411764705,0
353,0.026402640264026396,0.0043158222503990405,0.0,0.1788500782195106,0.3225806451612903,0.23529411764705882,0
354,0.2673267326732673,0.20584206923830015,0.6140986022051884,0.38413755866463295,0.1935483870967742,0.38235294117647056,0
355,0.5049504950495048,0.11419650859429939,0.681211888778199,0.5894250391097553,0.5806451612903225,0.1764705882352941,1
356,0.4653465346534653,0.06343711691291772,0.681211888778199,0.5894250391097553,0.22580645161290322,0.1764705882352941,1
357,0.7491749174917491,0.33385872660100585,0.6476552454916937,0.1788500782195106,0.06451612903225806,0.4411764705882353,1
358,0.5181518151815181,0.05426318941648736,0.39598042084290364,0.38413755866463295,0.0,0.058823529411764705,1
359,0.7458745874587458,0.46890454977712565,0.530206993988925,0.5894250391097553,0.29032258064516125,0.29411764705882354,0
360,0.2409240924092409,0.266115255036061,0.3456454559131456,0.5894250391097553,0.0,0.029411764705882353,0
361,0.06270627062706269,0.010034777644685942,0.479872029059167,0.1788500782195106,0.4193548387096774,0.20588235294117646,0
362,0.013201320132013201,0.08006923268972364,0.580541958918683,0.38413755866463295,0.45161290322580644,0.08823529411764705,0
363,0.5841584158415841,0.19254219743659512,0.479872029059167,0.1788500782195106,0.1935483870967742,0.20588235294117646,0
364,0.2079207920792079,0.017684071151456322,0.681211888778199,0.0,0.06451612903225806,0.6470588235294118,0
365,0.41254125412541254,0.27559617817599347,0.6140986022051884,0.1788500782195106,0.0,0.5294117647058824,1
366,0.0495049504950495,0.0731010802880394,0.530206993988925,0.38413755866463295,0.0967741935483871,0.38235294117647056,0
367,0.2541254125412541,0.12576196634303843,0.5973202805619356,1.0,0.16129032258064516,0.3529411764705882,0
368,0.0561056105610561,0.06242583714608715,0.6476552454916937,0.38413755866463295,0.5806451612903225,0.2647058823529412,0
369,0.35643564356435636,0.9175856081283889,0.5973202805619356,0.1788500782195106,0.5806451612903225,0.2647058823529412,0
370,0.06270627062706269,0.14286518280179195,0.7651034969944625,0.5894250391097553,0.7096774193548387,0.11764705882352941,0
371,0.3036303630363036,0.32671489765175504,0.5637636372754303,0.1788500782195106,0.4193548387096774,0.3235294117647059,0
372,0.2871287128712871,0.11036589813144672,0.44631538577266167,0.1788500782195106,0.22580645161290322,0.11764705882352941,0
373,0.0957095709570957,0.11667307190605895,0.7147685320647044,0.1788500782195106,0.25806451612903225,0.3235294117647059,0
374,0.2673267326732673,0.11419650859429939,0.5469853156321777,0.1788500782195106,0.45161290322580644,0.23529411764705882,1
375,0.03300330033003299,0.05769589512986739,0.6476552454916937,0.38413755866463295,0.6451612903225806,0.5,0
376,0.06930693069306931,0.02104857509137985,0.479872029059167,0.1788500782195106,0.03225806451612903,0.11764705882352941,0
377,0.19801980198019803,0.16446691109434214,0.5637636372754303,0.7947125195548776,0.22580645161290322,0.4411764705882353,0
378,0.1485148514851485,0.10457190325376807,0.42953706412940895,0.1788500782195106,0.03225806451612903,0.0,0
379,0.1452145214521452,0.1388272520961964,0.5134286723456724,0.1788500782195106,0.4838709677419355,0.058823529411764705,0
380,0.07590759075907591,0.05248275494489155,0.42953706412940895,0.1788500782195106,0.3225806451612903,0.1764705882352941,0
381,0.2409240924092409,0.32296415076343904,0.4630937074159143,0.1788500782195106,0.3870967741935484,0.20588235294117646,0
382,0.2673267326732673,0.11419650859429939,0.7986601402809678,0.1788500782195106,0.4193548387096774,0.5882352941176471,1
383,0.5148514851485148,0.6999262228630577,0.6476552454916937,0.38413755866463295,0.06451612903225806,0.3529411764705882,1
384,0.1089108910891089,0.04627797149341195,0.6140986022051884,0.1788500782195106,0.0967741935483871,0.08823529411764705,0
385,0.297029702970297,0.2309855559514024,0.8657734268539784,1.0,0.29032258064516125,0.0,1
386,0.6897689768976897,0.24397439961400247,0.7986601402809678,0.1788500782195106,0.0967741935483871,0.3235294117647059,0
387,0.1551155115511551,0.034538500164105035,0.42953706412940895,0.1788500782195106,0.22580645161290322,0.08823529411764705,0
388,0.0891089108910891,0.08149778808849888,0.7651034969944625,1.0,0.4838709677419355,0.0,0
389,0.1485148514851485,0.03746784523071484,0.5134286723456724,0.0,0.22580645161290322,0.29411764705882354,0
390,0.1881188118811881,0.14947444309482463,0.5637636372754303,0.1788500782195106,0.4193548387096774,0.23529411764705882,0
391,0.10561056105610561,0.1088780825798995,0.6644335671349464,0.1788500782195106,0.7096774193548387,0.11764705882352941,0
392,0.19801980198019803,0.04534628968326325,0.39598042084290364,0.5894250391097553,0.06451612903225806,0.14705882352941177,1
393,0.0891089108910891,0.09002002923033334,0.5469853156321777,0.1788500782195106,0.06451612903225806,0.4117647058823529,0
394,0.5577557755775576,0.11419650859429939,0.8825517484972312,0.7947125195548776,0.16129032258064516,0.8529411764705882,1
395,0.6501650165016502,0.44324841014477706,0.7818818186377151,0.5894250391097553,0.29032258064516125,0.029411764705882353,1
396,0.4158415841584158,0.028582328832834465,0.580541958918683,0.1788500782195106,0.16129032258064516,0.14705882352941177,0
397,0.5478547854785477,0.19740714039256166,0.5637636372754303,0.1788500782195106,0.45161290322580644,0.23529411764705882,0
398,0.3201320132013201,0.4288892192807991,0.8154384619242204,0.1788500782195106,0.3548387096774194,0.14705882352941177,0
399,0.29372937293729373,0.22074512103097235,0.42953706412940895,0.38413755866463295,0.0,0.20588235294117646,0
400,0.3036303630363036,0.13906289010011808,0.379202099199651,0.1788500782195106,0.06451612903225806,0.058823529411764705,1
401,0.2739273927392739,0.07770917080669547,0.379202099199651,0.38413755866463295,0.0,0.11764705882352941,0
402,0.039603960396039604,0.07539574561194347,0.6308769238484411,0.38413755866463295,0.12903225806451613,0.38235294117647056,0
403,0.2607260726072607,0.1950132406116489,0.4630937074159143,0.38413755866463295,0.16129032258064516,0.058823529411764705,0
404,0.9669966996699668,0.6816520047464225,0.4966503507024197,0.5894250391097553,0.0,0.23529411764705882,1
405,0.495049504950495,0.36606995082459265,0.5637636372754303,0.1788500782195106,0.5806451612903225,0.29411764705882354,0
406,0.3531353135313531,0.2894972424743112,0.8322167835674731,0.38413755866463295,0.5161290322580645,0.4117647058823529,0
407,0.2079207920792079,0.28410228933541665,0.479872029059167,0.1788500782195106,0.3870967741935484,0.058823529411764705,0
408,0.2046204620462046,0.046827442850771,0.6979902104214517,0.5894250391097553,0.0,0.2647058823529412,0
409,0.15181518151815182,0.03960682115917066,0.5134286723456724,0.1788500782195106,0.4193548387096774,0.3529411764705882,0
410,0.1452145214521452,0.030299120004263918,0.6476552454916937,0.1788500782195106,0.3225806451612903,0.11764705882352941,0
411,0.08580858085808579,0.44646108185895933,0.7483251753512098,0.38413755866463295,0.6774193548387096,0.7647058823529411,0
412,0.3729372937293729,0.21821937617643672,0.7483251753512098,0.1788500782195106,0.7096774193548387,0.7058823529411764,0
413,0.17491749174917492,0.3289865952833126,0.5973202805619356,0.1788500782195106,0.45161290322580644,0.5,0
414,0.3861386138613861,0.2779799090549513,0.4127587424861563,0.7947125195548776,0.0,0.1764705882352941,1
415,0.6864686468646863,0.40647485546133144,0.479872029059167,0.38413755866463295,0.03225806451612903,0.20588235294117646,1
416,0.19801980198019803,0.056387613295593844,0.4966503507024197,0.38413755866463295,0.25806451612903225,0.11764705882352941,0
417,0.1353135313531353,0.03600913377786629,0.5134286723456724,0.1788500782195106,0.03225806451612903,0.029411764705882353,0
418,0.1386138613861386,0.007304778121572378,0.7147685320647044,0.1788500782195106,0.12903225806451613,0.058823529411764705,0
419,0.7722772277227722,0.9517163002589211,0.530206993988925,0.38413755866463295,0.3548387096774194,0.11764705882352941,1
420,0.9801980198019801,0.5547055366515278,0.7818818186377151,0.1788500782195106,0.6129032258064516,0.20588235294117646,0
421,0.4752475247524752,0.2393457959655407,0.7651034969944625,0.1788500782195106,0.03225806451612903,0.4411764705882353,1
422,0.12211221122112209,0.04329357409552877,0.7147685320647044,0.38413755866463295,0.5161290322580645,0.29411764705882354,0
423,0.2178217821782178,0.13196850305347577,0.7986601402809678,0.1788500782195106,0.0967741935483871,0.20588235294117646,0
424,0.0792079207920792,0.09437442317780288,0.4966503507024197,0.5894250391097553,0.25806451612903225,0.20588235294117646,0
425,0.5940594059405939,0.1414417118539942,0.379202099199651,0.7947125195548776,0.0,0.11764705882352941,1
426,0.039603960396039604,0.0022581975375828584,0.5973202805619356,0.7947125195548776,0.25806451612903225,0.0,0
427,0.06270627062706269,0.0056272599507965395,0.32886713426989295,0.0,0.0,0.029411764705882353,0
428,0.0,0.02591176478838865,0.7147685320647044,0.1788500782195106,0.5161290322580645,0.20588235294117646,0
429,0.1353135313531353,0.01964596792517932,0.379202099199651,0.1788500782195106,0.06451612903225806,0.029411764705882353,1
430,0.6633663366336633,0.11419650859429939,0.681211888778199,0.1788500782195106,0.6774193548387096,0.058823529411764705,0
431,0.815181518151815,0.11419650859429939,0.5637636372754303,0.1788500782195106,0.3870967741935484,0.14705882352941177,1
432,0.1452145214521452,0.14428058875838407,0.8322167835674731,0.1788500782195106,0.3548387096774194,0.14705882352941177,0
433,0.2046204620462046,0.1364372094849907,0.6644335671349464,0.1788500782195106,0.29032258064516125,0.11764705882352941,0
434,0.41254125412541254,0.18006179887174276,0.479872029059167,0.38413755866463295,0.0,0.23529411764705882,1
435,0.6039603960396038,0.8333352034762215,0.0,0.38413755866463295,0.29032258064516125,0.47058823529411764,0
436,0.17491749174917492,0.14485495639294318,0.39598042084290364,0.38413755866463295,0.03225806451612903,0.058823529411764705,0
437,0.023102310231023104,0.020814690346415914,0.44631538577266167,0.1788500782195106,0.0,0.14705882352941177,0
438,0.2046204620462046,0.5811187335018331,0.6644335671349464,0.5894250391097553,0.5806451612903225,0.4117647058823529,0
439,0.1089108910891089,0.17018078203765155,0.530206993988925,0.38413755866463295,0.25806451612903225,0.058823529411764705,0
440,0.1089108910891089,0.11965957321469144,0.6476552454916937,0.38413755866463295,0.5161290322580645,0.3529411764705882,0
441,0.4686468646864686,0.9450598772999249,0.6644335671349464,0.1788500782195106,0.7096774193548387,0.029411764705882353,0
442,0.2871287128712871,0.26799790450489364,0.530206993988925,0.1788500782195106,0.3225806451612903,0.3235294117647059,0
443,0.6105610561056104,0.5471884388701718,0.6476552454916937,0.1788500782195106,0.7419354838709677,0.029411764705882353,0
444,0.9405940594059404,0.46826075308783954,0.39598042084290364,0.1788500782195106,0.0967741935483871,0.08823529411764705,1
445,0.20132013201320131,0.11419650859429939,0.7147685320647044,0.7947125195548776,0.5806451612903225,0.4117647058823529,1
446,0.4818481848184818,0.8172122341007463,0.9328867134269891,0.1788500782195106,0.3548387096774194,0.5882352941176471,0
447,0.1353135313531353,0.05511001349308093,0.530206993988925,0.5894250391097553,0.16129032258064516,0.2647058823529412,0
448,0.3234323432343234,0.2836341691936972,0.6979902104214517,0.1788500782195106,0.22580645161290322,0.3529411764705882,0
449,0.4224422442244224,0.531349672771748,0.7651034969944625,0.5894250391097553,0.0967741935483871,0.38235294117647056,1
450,0.5280528052805279,0.30285093932601914,0.5134286723456724,0.0,0.06451612903225806,0.058823529411764705,1
451,0.0726072607260726,0.2847685277393619,0.7147685320647044,0.1788500782195106,0.8064516129032258,0.47058823529411764,0
452,0.36633663366336633,0.1119480390149209,0.4630937074159143,0.38413755866463295,0.1935483870967742,0.2647058823529412,0
453,0.41254125412541254,0.44692026037999427,0.6476552454916937,0.5894250391097553,0.3548387096774194,0.5,0
454,0.24752475247524752,0.18485135169252603,0.6476552454916937,0.1788500782195106,0.0,0.23529411764705882,0
455,0.5181518151815181,0.4702231758392499,0.6140986022051884,0.7947125195548776,0.03225806451612903,0.4117647058823529,1
456,0.3828382838283828,0.05124144760280409,0.4966503507024197,0.1788500782195106,0.0,0.3235294117647059,0
457,0.18151815181518152,0.1535782963372316,0.6140986022051884,1.0,0.29032258064516125,0.47058823529411764,0
458,0.5643564356435643,0.03746784523071484,0.3624237775563983,0.1788500782195106,0.12903225806451613,0.08823529411764705,0
459,0.45874587458745875,0.32257650520788034,0.8322167835674731,0.1788500782195106,0.03225806451612903,0.7647058823529411,0
460,0.13201320132013203,0.05687151276793302,0.4966503507024197,0.1788500782195106,0.3225806451612903,0.058823529411764705,0
461,0.1188118811881188,0.04640245287941224,0.6476552454916937,0.1788500782195106,0.25806451612903225,0.0,0
462,0.3993399339933993,0.08355225693519111,0.3456454559131456,0.38413755866463295,0.0,0.058823529411764705,1
463,0.0726072607260726,0.019264809427764325,0.5134286723456724,0.5894250391097553,0.29032258064516125,0.058823529411764705,0
464,0.1782178217821782,0.10350259061543596,0.5134286723456724,0.38413755866463295,0.29032258064516125,0.029411764705882353,0
465,0.7227722772277226,0.46477562493162283,0.7986601402809678,0.1788500782195106,0.0,0.6764705882352942,0
466,0.7722772277227722,0.18822707648977918,0.4630937074159143,0.1788500782195106,0.12903225806451613,0.029411764705882353,0
467,0.5676567656765676,0.11419650859429939,0.7818818186377151,0.5894250391097553,0.5161290322580645,0.7647058823529411,1
468,0.13201320132013203,0.03965310719565528,0.44631538577266167,0.38413755866463295,0.1935483870967742,0.029411764705882353,0
469,0.5940594059405939,0.34603440875900116,0.479872029059167,0.38413755866463295,0.1935483870967742,0.29411764705882354,0
470,0.1353135313531353,0.048916626224826704,0.3456454559131456,0.38413755866463295,0.06451612903225806,0.0,1
471,0.6402640264026401,0.17429918732940788,0.479872029059167,0.5894250391097553,0.22580645161290322,0.14705882352941177,1
472,0.2046204620462046,0.10130610779316591,0.39598042084290364,0.7947125195548776,0.0,0.08823529411764705,1
473,0.30693069306930687,0.06068677958589425,0.7315468537079571,0.1788500782195106,0.3870967741935484,0.08823529411764705,0
474,0.13201320132013203,0.04530000364677862,0.3624237775563983,0.1788500782195106,0.03225806451612903,0.0,0
475,0.066006600660066,0.0694486912272532,0.6308769238484411,0.38413755866463295,0.4193548387096774,0.0,0
476,0.2409240924092409,0.17237060247588212,0.8657734268539784,0.38413755866463295,0.3870967741935484,0.47058823529411764,0
477,0.5247524752475247,0.05967812970750029,0.4127587424861563,0.1788500782195106,0.0967741935483871,0.058823529411764705,1
478,0.3465346534653465,0.06858187999854128,0.4127587424861563,0.1788500782195106,0.16129032258064516,0.14705882352941177,0
479,0.36633663366336633,0.1418691563878938,0.8489951052107257,0.38413755866463295,0.8709677419354839,0.6176470588235294,0
480,0.5313531353135312,0.8016485543327937,0.6308769238484411,0.1788500782195106,0.6774193548387096,0.47058823529411764,0
481,0.15841584158415842,0.09362262573671938,0.7315468537079571,0.1788500782195106,0.29032258064516125,0.5882352941176471,0
482,0.30693069306930687,0.1535939003419556,0.39598042084290364,0.38413755866463295,0.06451612903225806,0.08823529411764705,1
483,0.2277227722772277,0.1343716951068646,0.5637636372754303,0.1788500782195106,0.16129032258064516,0.08823529411764705,0
484,0.1353135313531353,0.0102572662064245,0.4127587424861563,0.38413755866463295,0.1935483870967742,0.058823529411764705,0
485,0.3333333333333333,0.6313001607387811,0.7483251753512098,0.5894250391097553,0.16129032258064516,0.5,1
486,0.1782178217821782,0.09785885003043654,0.5637636372754303,0.38413755866463295,0.12903225806451613,0.29411764705882354,0
487,0.17491749174917492,0.054033337167126244,0.44631538577266167,0.7947125195548776,0.06451612903225806,0.23529411764705882,1
488,0.6765676567656764,0.11419650859429939,0.5469853156321777,0.38413755866463295,0.3225806451612903,0.38235294117647056,1
489,0.4818481848184818,0.34335893558947367,0.580541958918683,0.38413755866463295,0.0,0.47058823529411764,1
490,0.023102310231023104,0.07999138799199951,0.8322167835674731,0.38413755866463295,0.4838709677419355,0.9117647058823529,0
491,0.10561056105610561,0.037978394239211836,0.5469853156321777,0.1788500782195106,0.4193548387096774,0.38235294117647056,0
492,0.8184818481848183,0.40402730595631153,0.681211888778199,0.5894250391097553,0.4193548387096774,0.38235294117647056,1
493,0.2673267326732673,0.3984603581136616,0.4630937074159143,0.1788500782195106,0.0,0.058823529411764705,1
494,0.5148514851485148,0.9999999999999998,0.0,0.5894250391097553,0.3870967741935484,0.4117647058823529,1
495,0.5742574257425742,0.17521088198743823,0.4127587424861563,0.1788500782195106,0.0967741935483871,0.058823529411764705,1
496,0.2211221122112211,0.20745156096151524,0.7818818186377151,0.38413755866463295,0.12903225806451613,0.2647058823529412,1
497,0.22442244224422442,0.5125827888879849,0.4966503507024197,0.0,0.3870967741935484,0.2647058823529412,0
498,0.4158415841584158,0.2566883322720272,0.7315468537079571,0.38413755866463295,0.3870967741935484,0.14705882352941177,0
499,0.6105610561056104,0.08801465163445811,0.4127587424861563,0.1788500782195106,0.0,0.058823529411764705,1
500,0.6303630363036302,0.7893459362262573,0.681211888778199,0.38413755866463295,0.1935483870967742,0.0,1
501,0.2409240924092409,0.08178497190577844,0.3624237775563983,0.5894250391097553,0.0,0.029411764705882353,0
502,0.5544554455445543,0.31398483501131896,0.580541958918683,0.38413755866463295,0.0967741935483871,0.3235294117647059,1
503,0.24422442244224418,0.5513936304803367,0.6979902104214517,1.0,0.1935483870967742,0.6764705882352942,0
504,0.4719471947194719,0.14377249431242792,0.6308769238484411,0.1788500782195106,0.0967741935483871,0.5588235294117647,0
505,0.6039603960396038,0.1531580401650588,0.379202099199651,0.38413755866463295,0.03225806451612903,0.08823529411764705,1
506,0.6435643564356434,0.26485676575618755,0.4630937074159143,0.5894250391097553,0.06451612903225806,0.14705882352941177,0
507,0.1419141914191419,0.06762126941558967,0.8657734268539784,0.1788500782195106,0.6129032258064516,0.7352941176470588,0
508,0.1023102310231023,0.016358607379396817,0.4127587424861563,0.1788500782195106,0.29032258064516125,0.058823529411764705,0
509,0.4719471947194719,0.09856681599757626,0.4630937074159143,0.38413755866463295,0.03225806451612903,0.11764705882352941,0
510,0.2343234323432343,0.13507177140869447,0.7147685320647044,0.1788500782195106,0.6129032258064516,0.3235294117647059,0
511,0.6171617161716171,0.3789002998774121,0.39598042084290364,0.38413755866463295,0.0967741935483871,0.029411764705882353,0
512,0.2904290429042904,0.26048098204943343,0.5637636372754303,0.5894250391097553,0.4193548387096774,0.20588235294117646,0
513,0.1254125412541254,0.10048873846706255,0.479872029059167,0.38413755866463295,0.1935483870967742,0.2647058823529412,0
514,0.2607260726072607,0.12568727751143827,0.5134286723456724,0.1788500782195106,0.1935483870967742,0.2647058823529412,0
515,0.27062706270627057,0.20855926997102212,0.6979902104214517,0.38413755866463295,0.45161290322580644,0.029411764705882353,1
516,0.4818481848184818,0.09317764861324228,0.8154384619242204,0.38413755866463295,0.3548387096774194,0.029411764705882353,0
517,0.45874587458745875,0.6513404366035586,0.6476552454916937,0.1788500782195106,0.7096774193548387,0.2647058823529412,0
518,0.1254125412541254,0.003295425536988153,0.7483251753512098,0.5894250391097553,0.0,0.5588235294117647,0
519,0.08250825082508251,0.010640177962797245,0.681211888778199,0.1788500782195106,0.22580645161290322,0.6470588235294118,0
520,0.039603960396039604,0.04027446217028212,0.479872029059167,0.38413755866463295,0.29032258064516125,0.0,0
521,0.4851485148514851,0.24040020590273195,0.580541958918683,0.5894250391097553,0.22580645161290322,0.14705882352941177,0
522,0.2112211221122112,0.12164180779232435,0.44631538577266167,0.38413755866463295,0.16129032258064516,0.1764705882352941,0
523,0.12211221122112209,0.04821041351664473,0.4630937074159143,0.1788500782195106,0.12903225806451613,0.20588235294117646,0
524,0.09240924092409242,0.25529975117748865,0.7986601402809678,0.1788500782195106,0.5483870967741935,0.6470588235294118,0
525,0.1848184818481848,0.09054250039974303,0.39598042084290364,0.1788500782195106,0.06451612903225806,0.14705882352941177,0
526,0.1254125412541254,0.02346456593516027,0.5134286723456724,0.1788500782195106,0.1935483870967742,0.3529411764705882,0
527,0.19801980198019803,0.06995362980708539,0.7147685320647044,0.1788500782195106,0.3225806451612903,0.2647058823529412,0
528,0.3366336633663366,0.11480900698217844,0.6979902104214517,0.1788500782195106,0.0967741935483871,0.29411764705882354,0
529,0.24422442244224418,0.7470888888265508,0.8489951052107257,0.38413755866463295,1.0,0.4117647058823529,0
530,0.7491749174917491,0.3288366916424249,0.3624237775563983,0.1788500782195106,0.12903225806451613,0.08823529411764705,1
531,0.3729372937293729,0.29618978256783707,0.6140986022051884,0.0,0.1935483870967742,0.29411764705882354,1
532,0.4422442244224422,0.34454238538595533,0.3624237775563983,0.5894250391097553,0.03225806451612903,0.08823529411764705,1
533,0.5445544554455444,0.06432075942762405,0.8154384619242204,0.38413755866463295,0.06451612903225806,0.38235294117647056,1
534,0.2574257425742574,0.025121395650234652,0.479872029059167,0.1788500782195106,0.29032258064516125,0.23529411764705882,0
535,0.30693069306930687,0.2561097568159695,0.6979902104214517,0.1788500782195106,0.06451612903225806,0.47058823529411764,0
536,0.4224422442244224,0.6538456683282885,0.5637636372754303,0.1788500782195106,0.4838709677419355,0.0,0
537,0.042904290429042896,0.049694547224380665,0.5637636372754303,0.38413755866463295,0.29032258064516125,0.20588235294117646,0
538,0.4818481848184818,0.3145879560927852,0.530206993988925,0.38413755866463295,0.16129032258064516,0.14705882352941177,1
539,0.3036303630363036,0.2856633911113978,0.6979902104214517,0.38413755866463295,0.5806451612903225,0.6764705882352942,0
540,0.5181518151815181,0.14495804801965892,0.39598042084290364,0.1788500782195106,0.0967741935483871,0.0,1
541,0.2376237623762376,0.2563432909091419,0.5637636372754303,0.1788500782195106,0.5161290322580645,0.2647058823529412,0
542,0.1419141914191419,0.02009936069165364,0.42953706412940895,0.1788500782195106,0.3225806451612903,0.058823529411764705,0
543,0.6501650165016502,0.4987874461048196,0.4966503507024197,0.38413755866463295,0.3870967741935484,0.2647058823529412,0
544,0.9273927392739273,0.1546486609309384,0.530206993988925,0.1788500782195106,0.12903225806451613,0.08823529411764705,1
545,0.17491749174917492,0.058160684079567086,0.6308769238484411,0.5894250391097553,0.4193548387096774,0.5294117647058824,0
546,0.2673267326732673,0.1165003758987205,0.7147685320647044,0.38413755866463295,0.3225806451612903,0.7058823529411764,0
547,0.4323432343234323,0.20744367129620536,0.5134286723456724,0.38413755866463295,0.29032258064516125,0.23529411764705882,0
548,0.5577557755775576,0.5277172708630802,0.0,0.7947125195548776,0.3225806451612903,0.5294117647058824,0
549,0.7029702970297028,0.02838596382956639,0.6140986022051884,0.38413755866463295,0.12903225806451613,0.3235294117647059,1
550,0.8613861386138613,0.8730026873953303,0.681211888778199,0.5894250391097553,0.3870967741935484,0.3235294117647059,1
551,0.08580858085808579,0.04413022927016739,0.530206993988925,0.1788500782195106,0.0,0.11764705882352941,1
552,0.2838283828382838,0.13491397810249692,0.3624237775563983,0.38413755866463295,0.0,0.029411764705882353,1
553,0.5874587458745874,0.9709281612661613,0.530206993988925,0.38413755866463295,0.3870967741935484,0.08823529411764705,0
554,0.3003300330033003,0.07784802891614931,0.0,0.38413755866463295,0.5483870967741935,0.6764705882352942,0
555,0.1914191419141914,0.16745937348343098,0.6644335671349464,0.1788500782195106,0.6774193548387096,0.6176470588235294,0
556,0.2079207920792079,0.06281541128649933,0.5134286723456724,0.1788500782195106,0.25806451612903225,0.029411764705882353,0
557,0.05940594059405941,0.019923684144087024,0.5637636372754303,0.5894250391097553,0.22580645161290322,0.0,0
558,0.2409240924092409,0.11419650859429939,0.8657734268539784,0.7947125195548776,0.4193548387096774,0.5,0
559,0.06930693069306931,0.032896222498379986,0.4630937074159143,0.1788500782195106,0.06451612903225806,0.058823529411764705,1
560,0.429042904290429,0.8904504192392817,0.6308769238484411,0.5894250391097553,0.4838709677419355,0.5294117647058824,0
561,0.0891089108910891,0.0033192698588135616,0.5469853156321777,0.38413755866463295,0.3225806451612903,0.11764705882352941,0
562,0.2046204620462046,0.24863456192370376,0.6476552454916937,0.38413755866463295,0.29032258064516125,0.3529411764705882,0
563,0.1188118811881188,0.11247226344328835,0.7818818186377151,0.5894250391097553,0.7419354838709677,0.3235294117647059,0
564,0.0297029702970297,0.0457495392435459,0.5973202805619356,0.38413755866463295,0.3548387096774194,0.23529411764705882,0
565,0.4356435643564356,0.11419650859429939,0.479872029059167,0.5894250391097553,0.22580645161290322,0.058823529411764705,1
566,0.5313531353135312,0.8632957691757437,0.7986601402809678,0.7947125195548776,0.45161290322580644,0.29411764705882354,1
567,0.1782178217821782,0.15479453207622326,0.6308769238484411,0.5894250391097553,0.3870967741935484,0.5294117647058824,0
568,0.1287128712871287,0.0005503479868379339,0.7651034969944625,0.38413755866463295,0.29032258064516125,0.7647058823529411,0
569,0.6435643564356434,0.4727305114747291,0.44631538577266167,0.5894250391097553,0.16129032258064516,0.11764705882352941,1
570,0.2673267326732673,0.5755780845435494,0.8993300701404838,0.1788500782195106,0.5806451612903225,1.0,0
571,0.4059405940594059,0.2467762827543838,0.44631538577266167,0.7947125195548776,0.0,0.0,1
572,0.039603960396039604,0.0,0.379202099199651,0.1788500782195106,0.03225806451612903,0.0,0
573,0.43894389438943887,0.0984956336838916,0.681211888778199,0.1788500782195106,0.7419354838709677,0.058823529411764705,0
574,0.3597359735973597,0.010728016236580554,0.39598042084290364,0.1788500782195106,0.0967741935483871,0.14705882352941177,1
575,0.9009900990099008,0.9242834079987879,0.4630937074159143,0.1788500782195106,0.29032258064516125,0.0,1
576,0.3333333333333333,0.042794245944361375,0.42953706412940895,0.1788500782195106,0.0,0.0,0
577,0.17161716171617158,0.09776171948417717,0.39598042084290364,0.1788500782195106,0.25806451612903225,0.0,1
578,0.2277227722772277,0.04850461036975529,0.8154384619242204,0.38413755866463295,0.7096774193548387,0.11764705882352941,0
579,0.27062706270627057,0.06525770101464601,0.4630937074159143,0.38413755866463295,0.0967741935483871,0.029411764705882353,0
580,0.4158415841584158,0.02092409370537955,0.6308769238484411,0.1788500782195106,0.1935483870967742,0.5,0
581,0.1353135313531353,0.1442001141722233,0.5469853156321777,0.38413755866463295,0.06451612903225806,0.2647058823529412,0
582,0.1419141914191419,0.03482480735190572,0.42953706412940895,0.1788500782195106,0.25806451612903225,0.11764705882352941,0
583,0.3102310231023102,0.34433725408789856,0.5973202805619356,0.1788500782195106,0.29032258064516125,0.029411764705882353,0
584,0.2673267326732673,0.11419650859429939,0.6140986022051884,0.5894250391097553,0.5161290322580645,0.4117647058823529,1
585,0.2673267326732673,0.48914101531927534,0.4127587424861563,0.7947125195548776,0.0,0.029411764705882353,1
586,0.1452145214521452,0.11958909220458985,0.479872029059167,0.1788500782195106,0.29032258064516125,0.058823529411764705,0
587,0.2145214521452145,0.06184831364540407,0.44631538577266167,0.38413755866463295,0.25806451612903225,0.11764705882352941,0
588,0.4818481848184818,0.4251484659685422,0.7483251753512098,0.1788500782195106,0.5483870967741935,0.0,0
589,0.1683168316831683,0.23594640217235796,0.6140986022051884,0.1788500782195106,0.29032258064516125,0.23529411764705882,0
590,0.1881188118811881,0.09221405749006249,0.479872029059167,0.38413755866463295,0.0967741935483871,0.1764705882352941,1
591,0.4224422442244224,0.8675714417960103,0.8489951052107257,0.1788500782195106,0.3225806451612903,0.029411764705882353,1
592,0.264026402640264,0.06332420703603857,0.3624237775563983,0.5894250391097553,0.0,0.0,1
593,0.5049504950495048,0.044193346592646406,0.4966503507024197,0.7947125195548776,0.22580645161290322,0.29411764705882354,0
594,0.3927392739273927,0.0173579649853147,0.5134286723456724,0.1788500782195106,0.22580645161290322,0.058823529411764705,0
595,0.4752475247524752,0.3379750279820129,0.4630937074159143,0.1788500782195106,0.06451612903225806,0.0,1
596,0.17491749174917492,0.03614483602119619,0.580541958918683,0.1788500782195106,0.3225806451612903,0.47058823529411764,0
597,0.2673267326732673,0.02125721290735218,0.4127587424861563,0.7947125195548776,0.03225806451612903,0.029411764705882353,1
598,0.4752475247524752,0.45277000889252933,0.530206993988925,0.38413755866463295,0.16129032258064516,0.0,1
599,0.3036303630363036,0.18053517879033543,0.5469853156321777,0.1788500782195106,0.06451612903225806,0.29411764705882354,0
600,0.815181518151815,0.11419650859429939,0.4630937074159143,0.38413755866463295,0.0967741935483871,0.11764705882352941,1
601,0.16501650165016502,0.38774934848897125,0.7651034969944625,0.5894250391097553,0.12903225806451613,0.5,0
602,0.4488448844884488,0.11419650859429939,0.681211888778199,0.1788500782195106,0.7741935483870968,0.3529411764705882,0
603,0.2112211221122112,0.5009930458736699,0.6979902104214517,0.38413755866463295,0.3548387096774194,0.14705882352941177,0
604,0.15181518151815182,0.07458433736629645,0.681211888778199,0.7947125195548776,0.29032258064516125,0.38235294117647056,0
605,0.8349834983498349,0.44092201083373767,0.42953706412940895,0.1788500782195106,0.0967741935483871,0.14705882352941177,1
606,0.2904290429042904,0.4153449431803836,0.7818818186377151,0.1788500782195106,0.8709677419354839,0.23529411764705882,0
607,0.8316831683168316,0.34534713124756294,0.479872029059167,0.1788500782195106,0.03225806451612903,0.08823529411764705,1
608,0.1419141914191419,0.10741376069838614,0.5637636372754303,0.1788500782195106,0.0967741935483871,0.4117647058823529,0
609,0.1914191419141914,0.18024273519618267,0.5973202805619356,0.1788500782195106,0.22580645161290322,0.058823529411764705,0
610,0.08580858085808579,0.1120655073650902,0.6308769238484411,0.38413755866463295,0.22580645161290322,0.11764705882352941,0
611,0.6204620462046203,0.256141315477209,0.681211888778199,0.38413755866463295,0.12903225806451613,0.4117647058823529,1
612,0.4422442244224422,0.2814660891665427,0.7651034969944625,0.1788500782195106,0.29032258064516125,0.6764705882352942,0
613,0.5313531353135312,0.3050283116256497,0.6644335671349464,0.5894250391097553,0.0967741935483871,0.4411764705882353,1
614,0.06930693069306931,0.09463723669556971,0.7315468537079571,0.38413755866463295,0.5483870967741935,0.0,0
615,0.33003300330033003,0.2788425124621646,0.580541958918683,0.5894250391097553,0.3225806451612903,0.4411764705882353,0
616,0.16501650165016502,0.18313561247647125,0.5973202805619356,0.1788500782195106,0.6451612903225806,0.4411764705882353,0
617,0.1452145214521452,0.01915680867596688,0.4630937074159143,0.1788500782195106,0.0,0.08823529411764705,1
618,0.1551155115511551,0.0768144827605553,0.479872029059167,0.38413755866463295,0.1935483870967742,0.20588235294117646,1
619,0.36303630363036304,0.22132580039777938,0.379202099199651,0.38413755866463295,0.0967741935483871,0.08823529411764705,1
620,0.495049504950495,0.8110330482300498,0.681211888778199,0.38413755866463295,0.22580645161290322,0.5,0
621,0.2145214521452145,0.03127796448037612,0.4127587424861563,0.1788500782195106,0.03225806451612903,0.029411764705882353,0
622,0.16501650165016502,0.07564996816081732,0.7483251753512098,0.38413755866463295,0.06451612903225806,0.5588235294117647,0
623,0.22442244224422442,0.694815122349423,0.7986601402809678,0.38413755866463295,0.967741935483871,0.4117647058823529,0
624,0.2178217821782178,0.091836405510563,0.6308769238484411,0.1788500782195106,0.5806451612903225,0.20588235294117646,0
625,0.16501650165016502,0.20307437464759492,0.479872029059167,0.1788500782195106,0.1935483870967742,0.11764705882352941,0
626,0.10561056105610561,0.41940899744444965,0.6979902104214517,0.7947125195548776,0.4838709677419355,0.23529411764705882,0
627,0.3465346534653465,0.5000401496301324,0.5134286723456724,0.1788500782195106,0.3548387096774194,0.3529411764705882,0
628,0.2145214521452145,0.06973587504453276,0.6644335671349464,0.1788500782195106,0.0967741935483871,0.38235294117647056,0
629,0.6402640264026401,0.17728463668266572,0.42953706412940895,0.1788500782195106,0.06451612903225806,0.1764705882352941,0
630,0.6534653465346534,0.3945358632626325,0.4127587424861563,0.1788500782195106,0.1935483870967742,0.1764705882352941,0
631,0.24752475247524752,0.3266137346098928,0.8825517484972312,0.7947125195548776,0.22580645161290322,0.3235294117647059,0
632,0.4521452145214521,0.11419650859429939,0.8322167835674731,0.5894250391097553,0.5806451612903225,0.7941176470588235,0
633,0.7491749174917491,0.11419650859429939,0.7818818186377151,0.1788500782195106,1.0,0.2647058823529412,1
634,0.264026402640264,0.2101119561040061,0.379202099199651,0.1788500782195106,0.03225806451612903,0.0,1
635,0.12211221122112209,0.0540329865153347,0.6140986022051884,0.5894250391097553,0.3870967741935484,0.23529411764705882,0
636,0.36633663366336633,0.885098420944852,0.681211888778199,0.1788500782195106,0.7741935483870968,0.4411764705882353,0
637,0.42574257425742573,0.3746106011854835,0.4630937074159143,0.38413755866463295,0.0,0.20588235294117646,1
638,0.9999999999999999,0.5231742262517567,0.5134286723456724,0.1788500782195106,0.22580645161290322,0.3235294117647059,1
639,0.1947194719471947,0.01977535843626132,0.681211888778199,0.38413755866463295,0.1935483870967742,0.029411764705882353,0
640,0.3135313531353135,0.2951057425542598,0.5973202805619356,0.1788500782195106,0.22580645161290322,0.5,0
641,0.13201320132013203,0.04030882604585403,0.681211888778199,0.1788500782195106,0.03225806451612903,0.47058823529411764,0
642,0.17161716171617158,0.2316630152126773,0.8825517484972312,0.38413755866463295,0.5161290322580645,0.9117647058823529,0
643,0.36633663366336633,0.4067436300595546,0.5134286723456724,0.38413755866463295,0.1935483870967742,0.14705882352941177,0
644,0.08250825082508251,0.05731035348505802,0.4630937074159143,0.38413755866463295,0.16129032258064516,0.1764705882352941,0
645,0.3828382838283828,0.7578819509704637,0.7986601402809678,0.1788500782195106,0.9032258064516129,0.7352941176470588,0
646,0.1155115511551155,0.17657772267090066,0.379202099199651,0.38413755866463295,0.0,0.029411764705882353,1
647,0.2112211221122112,0.050239986086136904,0.5134286723456724,0.1788500782195106,0.3548387096774194,0.1764705882352941,0
648,0.1485148514851485,0.15273287486780426,0.44631538577266167,0.1788500782195106,0.1935483870967742,0.1764705882352941,0
649,0.0297029702970297,0.02948946501757466,0.7147685320647044,0.1788500782195106,0.3548387096774194,0.5,0
650,0.6039603960396038,0.37065998277598394,0.479872029059167,0.38413755866463295,0.16129032258064516,0.20588235294117646,0
651,0.19801980198019803,0.10216871120037924,0.8825517484972312,0.1788500782195106,0.1935483870967742,0.20588235294117646,1
652,0.4356435643564356,0.21631568760011105,0.6308769238484411,0.1788500782195106,0.12903225806451613,0.2647058823529412,0
653,0.2673267326732673,0.027963428420748483,0.4966503507024197,0.1788500782195106,0.3870967741935484,0.29411764705882354,0
654,0.297029702970297,0.03882136114609836,0.4630937074159143,0.5894250391097553,0.06451612903225806,0.0,1
655,0.2673267326732673,0.21983307572115043,0.5973202805619356,0.1788500782195106,0.3548387096774194,0.058823529411764705,0
656,0.0561056105610561,0.054281598635543736,0.7986601402809678,0.1788500782195106,0.4838709677419355,0.14705882352941177,0
657,0.2046204620462046,0.07543221339826467,0.5134286723456724,0.1788500782195106,0.3870967741935484,0.2647058823529412,0
658,0.3333333333333333,0.19837055618984567,0.580541958918683,0.1788500782195106,0.5161290322580645,0.29411764705882354,0
659,0.3993399339933993,0.022648423890327334,0.8322167835674731,0.1788500782195106,0.12903225806451613,0.11764705882352941,0
660,0.4818481848184818,0.4420060508473149,0.6979902104214517,0.38413755866463295,0.3870967741935484,0.2647058823529412,0
661,0.2211221122112211,0.03036434123749224,0.6644335671349464,0.1788500782195106,0.06451612903225806,0.08823529411764705,0
662,0.0165016501650165,0.01864082456470086,0.6140986022051884,0.38413755866463295,0.0,0.38235294117647056,1
663,0.0792079207920792,0.06846406099658042,0.5134286723456724,0.5894250391097553,0.1935483870967742,0.23529411764705882,0
664,0.2508250825082508,0.2198418420159392,0.6308769238484411,0.1788500782195106,0.3548387096774194,0.38235294117647056,0
665,0.3366336633663366,0.9624501022500622,0.580541958918683,0.1788500782195106,0.4838709677419355,0.029411764705882353,0
666,0.17161716171617158,0.5225286763035129,0.7315468537079571,0.1788500782195106,0.7741935483870968,0.29411764705882354,0
667,0.4224422442244224,0.5575938554585262,0.7315468537079571,0.38413755866463295,0.6774193548387096,0.4117647058823529,0
668,0.0165016501650165,0.01152276852212893,0.5469853156321777,0.1788500782195106,0.0,0.3529411764705882,0
669,0.1485148514851485,0.04428907453173959,0.580541958918683,0.1788500782195106,0.22580645161290322,0.4117647058823529,0
670,0.4158415841584158,0.16652173059282593,0.5973202805619356,0.5894250391097553,0.3225806451612903,0.11764705882352941,0
671,0.1947194719471947,0.09470824368335862,0.379202099199651,0.38413755866463295,0.0967741935483871,0.11764705882352941,0
672,0.40924092409240925,0.10014895688105047,0.44631538577266167,0.1788500782195106,0.0,0.20588235294117646,0
673,0.026402640264026396,0.0053972323755396515,0.5637636372754303,0.1788500782195106,0.1935483870967742,0.029411764705882353,0
674,0.3531353135313531,0.2381392031508167,0.580541958918683,0.1788500782195106,0.0,0.14705882352941177,1
675,0.1089108910891089,0.054776017661629435,0.39598042084290364,0.38413755866463295,0.12903225806451613,0.11764705882352941,0
676,0.19801980198019803,0.3266082995071238,0.7986601402809678,0.38413755866463295,0.967741935483871,0.23529411764705882,0
677,0.37623762376237624,0.0757379817604964,0.42953706412940895,0.38413755866463295,0.25806451612903225,0.029411764705882353,0
678,0.0561056105610561,0.06647586533849116,0.6644335671349464,0.1788500782195106,0.1935483870967742,0.2647058823529412,1
679,0.29372937293729373,0.07151893940456519,0.5637636372754303,0.1788500782195106,0.29032258064516125,0.23529411764705882,0
680,0.08580858085808579,0.014296774845082034,0.580541958918683,0.1788500782195106,0.5483870967741935,0.11764705882352941,0
681,0.825082508250825,0.20222123883875343,0.4966503507024197,0.1788500782195106,0.22580645161290322,0.058823529411764705,1
682,0.30693069306930687,0.03318708815947082,0.32886713426989295,0.1788500782195106,0.12903225806451613,0.0,1
683,0.36633663366336633,0.05480757632286894,0.5973202805619356,0.7947125195548776,0.03225806451612903,0.5,0
684,0.1947194719471947,0.022691378734792225,0.3456454559131456,0.1788500782195106,0.03225806451612903,0.029411764705882353,0
685,0.3333333333333333,0.14527836843123998,0.5637636372754303,0.1788500782195106,0.5806451612903225,0.29411764705882354,0
686,0.5181518151815181,0.2962855105069302,0.580541958918683,0.1788500782195106,0.22580645161290322,0.14705882352941177,1
687,0.24752475247524752,0.1475374425983017,0.580541958918683,0.5894250391097553,0.03225806451612903,0.11764705882352941,0
688,0.32673267326732675,0.4365558700512512,0.5637636372754303,0.1788500782195106,0.3225806451612903,0.029411764705882353,1
689,0.3432343234323432,0.2374417567374235,0.5469853156321777,0.1788500782195106,0.3870967741935484,0.3529411764705882,0
690,0.3399339933993399,0.037795354004022674,0.4966503507024197,0.1788500782195106,0.12903225806451613,0.058823529411764705,0
691,0.2277227722772277,0.0022497818945856557,0.39598042084290364,0.38413755866463295,0.0,0.14705882352941177,0
692,0.22442244224422442,0.11419650859429939,0.7818818186377151,0.1788500782195106,1.0,0.23529411764705882,0
693,0.9405940594059404,0.4808773798737092,0.0,0.1788500782195106,0.0,0.7647058823529411,1
694,0.1419141914191419,0.03634926601566992,0.3624237775563983,0.5894250391097553,0.0,0.058823529411764705,0
695,0.3861386138613861,0.4039936433843227,0.7986601402809678,0.38413755866463295,0.1935483870967742,0.029411764705882353,0
696,0.1386138613861386,0.043895643221620345,0.5973202805619356,0.38413755866463295,0.1935483870967742,0.4411764705882353,1
697,0.36633663366336633,0.06273143018242307,0.479872029059167,0.38413755866463295,0.1935483870967742,0.11764705882352941,0
698,0.2376237623762376,0.08408068918505716,0.5469853156321777,0.1788500782195106,0.4838709677419355,0.08823529411764705,0
699,0.264026402640264,0.40165619854184953,0.7483251753512098,0.1788500782195106,0.6129032258064516,0.6470588235294118,0
700,0.4719471947194719,0.5229950431862745,0.6140986022051884,0.1788500782195106,0.3870967741935484,0.4117647058823529,0
